source,product_title,product_handle,printify_product_id,shopify_product_id,image_id,variant_ids,color,position,is_default,gallery_order,width,height,file_size,sha256,source_url,local_filename
printify,FÆ Sticker Sheet — Four Poses,,6ac09f87f7e67de09b06f72e,,,,,other,True,1,1200,1200,96464,93fd714c74c5e82773d383d8beef659dbacffc27c07d11802e7f410be8097e22,https://images.printify.com/mockup/6ac09f87f7e67de09b06f72e/72840/16667/fae-sticker-sheet-four-poses.jpg?camera_label=front,F-Sticker-Sheet-Four-Poses-front.jpg
printify,FÆ Sticker Sheet — Four Poses,,6ac09f87f7e67de09b06f72e,,,,,other,False,2,1200,1200,770876,5110b54e749abb0f1f65a84cabc558c944383d453a55619d404cab23695edc21,https://images.printify.com/mockup/6ac09f87f7e67de09b06f72e/72840/16775/fae-sticker-sheet-four-poses.jpg?camera_label=context-1,F-Sticker-Sheet-Four-Poses-context-1.jpg
printify,FÆ Sticker Sheet — Four Poses,,6ac09f87f7e67de09b06f72e,,,,,other,False,3,1200,1200,718147,82f758023619c49005f00a92e99c7ecd2224cda1ad0f78d81fbfb697c43ab2c7,https://images.printify.com/mockup/6ac09f87f7e67de09b06f72e/72840/16773/fae-sticker-sheet-four-poses.jpg?camera_label=context-2,F-Sticker-Sheet-Four-Poses-context-2.jpg
printify,FÆ Sticker Sheet — Four Poses,,6ac09f87f7e67de09b06f72e,,,,,other,False,4,1200,1200,539901,484257a2344164e2e71d9b10bf7caac9e026c51c2939cb581b27f2d5dd6daea0,https://images.printify.com/mockup/6ac09f87f7e67de09b06f72e/72840/16759/fae-sticker-sheet-four-poses.jpg?camera_label=context-3,F-Sticker-Sheet-Four-Poses-context-3.jpg
printify,FÆ Sticker Sheet — Four Poses,,6ac09f87f7e67de09b06f72e,,,,,other,True,5,1200,1200,96464,93fd714c74c5e82773d383d8beef659dbacffc27c07d11802e7f410be8097e22,https://images.printify.com/mockup/6ac09f87f7e67de09b06f72e/72841/16668/fae-sticker-sheet-four-poses.jpg?camera_label=front,F-Sticker-Sheet-Four-Poses-front.jpg
printify,FÆ Sticker Sheet — Four Poses,,6ac09f87f7e67de09b06f72e,,,,,other,False,6,1200,1200,770876,5110b54e749abb0f1f65a84cabc558c944383d453a55619d404cab23695edc21,https://images.printify.com/mockup/6ac09f87f7e67de09b06f72e/72841/16776/fae-sticker-sheet-four-poses.jpg?camera_label=context-1,F-Sticker-Sheet-Four-Poses-context-1.jpg
printify,FÆ Sticker Sheet — Four Poses,,6ac09f87f7e67de09b06f72e,,,,,other,False,7,1200,1200,718147,82f758023619c49005f00a92e99c7ecd2224cda1ad0f78d81fbfb697c43ab2c7,https://images.printify.com/mockup/6ac09f87f7e67de09b06f72e/72841/16774/fae-sticker-sheet-four-poses.jpg?camera_label=context-2,F-Sticker-Sheet-Four-Poses-context-2.jpg
printify,FÆ Sticker Sheet — Four Poses,,6ac09f87f7e67de09b06f72e,,,,,other,False,8,1200,1200,539901,484257a2344164e2e71d9b10bf7caac9e026c51c2939cb581b27f2d5dd6daea0,https://images.printify.com/mockup/6ac09f87f7e67de09b06f72e/72841/16760/fae-sticker-sheet-four-poses.jpg?camera_label=context-3,F-Sticker-Sheet-Four-Poses-context-3.jpg
printify,FÆ Sitting Kiss-Cut Sticker,,6ac09f44d1d284cc8007f8e0,,,,,other,True,1,1200,1200,280802,75cf8f063e3972eb131a93e1a073a60b66a369f720c83fdb2ab5e4f6d3cca694,https://images.printify.com/mockup/6ac09f44d1d284cc8007f8e0/45748/16655/fae-sitting-kiss-cut-sticker.jpg?camera_label=front,F-Sitting-Kiss-Cut-Sticker-front.jpg
printify,FÆ Sitting Kiss-Cut Sticker,,6ac09f44d1d284cc8007f8e0,,,,,other,False,2,1200,1200,561000,ddba73296ea71fee1c49da0b12429a0e6102ad34e5ea1bd36e71585d3c59f90a,https://images.printify.com/mockup/6ac09f44d1d284cc8007f8e0/45748/2175/fae-sitting-kiss-cut-sticker.jpg?camera_label=context-1,F-Sitting-Kiss-Cut-Sticker-context-1.jpg
printify,FÆ Sitting Kiss-Cut Sticker,,6ac09f44d1d284cc8007f8e0,,,,,other,False,3,1200,1200,1042155,cd7803e6e3a467f73275d93c7ab1c7f298c9a003e6729a56a9eb0b4052ed391e,https://images.printify.com/mockup/6ac09f44d1d284cc8007f8e0/45748/20545/fae-sitting-kiss-cut-sticker.jpg?camera_label=context-2,F-Sitting-Kiss-Cut-Sticker-context-2.jpg
printify,FÆ Sitting Kiss-Cut Sticker,,6ac09f44d1d284cc8007f8e0,,,,,other,True,4,1200,1200,280802,75cf8f063e3972eb131a93e1a073a60b66a369f720c83fdb2ab5e4f6d3cca694,https://images.printify.com/mockup/6ac09f44d1d284cc8007f8e0/45750/16655/fae-sitting-kiss-cut-sticker.jpg?camera_label=front,F-Sitting-Kiss-Cut-Sticker-front.jpg
printify,FÆ Sitting Kiss-Cut Sticker,,6ac09f44d1d284cc8007f8e0,,,,,other,False,5,1200,1200,561000,ddba73296ea71fee1c49da0b12429a0e6102ad34e5ea1bd36e71585d3c59f90a,https://images.printify.com/mockup/6ac09f44d1d284cc8007f8e0/45750/2176/fae-sitting-kiss-cut-sticker.jpg?camera_label=context-1,F-Sitting-Kiss-Cut-Sticker-context-1.jpg
printify,FÆ Sitting Kiss-Cut Sticker,,6ac09f44d1d284cc8007f8e0,,,,,other,False,6,1200,1200,1042155,cd7803e6e3a467f73275d93c7ab1c7f298c9a003e6729a56a9eb0b4052ed391e,https://images.printify.com/mockup/6ac09f44d1d284cc8007f8e0/45750/20546/fae-sitting-kiss-cut-sticker.jpg?camera_label=context-2,F-Sitting-Kiss-Cut-Sticker-context-2.jpg
printify,FÆ Sitting Kiss-Cut Sticker,,6ac09f44d1d284cc8007f8e0,,,,,other,True,7,1200,1200,280802,75cf8f063e3972eb131a93e1a073a60b66a369f720c83fdb2ab5e4f6d3cca694,https://images.printify.com/mockup/6ac09f44d1d284cc8007f8e0/45752/16655/fae-sitting-kiss-cut-sticker.jpg?camera_label=front,F-Sitting-Kiss-Cut-Sticker-front.jpg
printify,FÆ Sitting Kiss-Cut Sticker,,6ac09f44d1d284cc8007f8e0,,,,,other,False,8,1200,1200,561000,ddba73296ea71fee1c49da0b12429a0e6102ad34e5ea1bd36e71585d3c59f90a,https://images.printify.com/mockup/6ac09f44d1d284cc8007f8e0/45752/2177/fae-sitting-kiss-cut-sticker.jpg?camera_label=context-1,F-Sitting-Kiss-Cut-Sticker-context-1.jpg
printify,FÆ Sitting Kiss-Cut Sticker,,6ac09f44d1d284cc8007f8e0,,,,,other,False,9,1200,1200,1042155,cd7803e6e3a467f73275d93c7ab1c7f298c9a003e6729a56a9eb0b4052ed391e,https://images.printify.com/mockup/6ac09f44d1d284cc8007f8e0/45752/20547/fae-sitting-kiss-cut-sticker.jpg?camera_label=context-2,F-Sitting-Kiss-Cut-Sticker-context-2.jpg
printify,FÆ Sitting Kiss-Cut Sticker,,6ac09f44d1d284cc8007f8e0,,,,,other,True,10,1200,1200,280802,75cf8f063e3972eb131a93e1a073a60b66a369f720c83fdb2ab5e4f6d3cca694,https://images.printify.com/mockup/6ac09f44d1d284cc8007f8e0/45754/16655/fae-sitting-kiss-cut-sticker.jpg?camera_label=front,F-Sitting-Kiss-Cut-Sticker-front.jpg
printify,FÆ Sitting Kiss-Cut Sticker,,6ac09f44d1d284cc8007f8e0,,,,,other,False,11,1200,1200,561000,ddba73296ea71fee1c49da0b12429a0e6102ad34e5ea1bd36e71585d3c59f90a,https://images.printify.com/mockup/6ac09f44d1d284cc8007f8e0/45754/2178/fae-sitting-kiss-cut-sticker.jpg?camera_label=context-1,F-Sitting-Kiss-Cut-Sticker-context-1.jpg
printify,FÆ Sitting Kiss-Cut Sticker,,6ac09f44d1d284cc8007f8e0,,,,,other,False,12,1200,1200,1042155,cd7803e6e3a467f73275d93c7ab1c7f298c9a003e6729a56a9eb0b4052ed391e,https://images.printify.com/mockup/6ac09f44d1d284cc8007f8e0/45754/20548/fae-sitting-kiss-cut-sticker.jpg?camera_label=context-2,F-Sitting-Kiss-Cut-Sticker-context-2.jpg
printify,FÆ Waving Kiss-Cut Sticker,,6ac09f41d8f8171df3091792,,,,,other,True,1,1200,1200,238195,de58fb39fc5a6561f7febb1cb466010be1fe436ef0649f6f4b3f9033b372054d,https://images.printify.com/mockup/6ac09f41d8f8171df3091792/45748/16655/fae-waving-kiss-cut-sticker.jpg?camera_label=front,F-Waving-Kiss-Cut-Sticker-front.jpg
printify,FÆ Waving Kiss-Cut Sticker,,6ac09f41d8f8171df3091792,,,,,other,False,2,1200,1200,555514,b3a302c3f0f6bea8287c7b9dab39dfcfdf7ed49dd05049ad37a99d719f6cf6d3,https://images.printify.com/mockup/6ac09f41d8f8171df3091792/45748/2175/fae-waving-kiss-cut-sticker.jpg?camera_label=context-1,F-Waving-Kiss-Cut-Sticker-context-1.jpg
printify,FÆ Waving Kiss-Cut Sticker,,6ac09f41d8f8171df3091792,,,,,other,False,3,1200,1200,1040932,179b32ff896ebdbba5f84954c310c1b52fe416028e373c8c47754367292329ae,https://images.printify.com/mockup/6ac09f41d8f8171df3091792/45748/20545/fae-waving-kiss-cut-sticker.jpg?camera_label=context-2,F-Waving-Kiss-Cut-Sticker-context-2.jpg
printify,FÆ Waving Kiss-Cut Sticker,,6ac09f41d8f8171df3091792,,,,,other,True,4,1200,1200,238195,de58fb39fc5a6561f7febb1cb466010be1fe436ef0649f6f4b3f9033b372054d,https://images.printify.com/mockup/6ac09f41d8f8171df3091792/45750/16655/fae-waving-kiss-cut-sticker.jpg?camera_label=front,F-Waving-Kiss-Cut-Sticker-front.jpg
printify,FÆ Waving Kiss-Cut Sticker,,6ac09f41d8f8171df3091792,,,,,other,False,5,1200,1200,555514,b3a302c3f0f6bea8287c7b9dab39dfcfdf7ed49dd05049ad37a99d719f6cf6d3,https://images.printify.com/mockup/6ac09f41d8f8171df3091792/45750/2176/fae-waving-kiss-cut-sticker.jpg?camera_label=context-1,F-Waving-Kiss-Cut-Sticker-context-1.jpg
printify,FÆ Waving Kiss-Cut Sticker,,6ac09f41d8f8171df3091792,,,,,other,False,6,1200,1200,1040932,179b32ff896ebdbba5f84954c310c1b52fe416028e373c8c47754367292329ae,https://images.printify.com/mockup/6ac09f41d8f8171df3091792/45750/20546/fae-waving-kiss-cut-sticker.jpg?camera_label=context-2,F-Waving-Kiss-Cut-Sticker-context-2.jpg
printify,FÆ Waving Kiss-Cut Sticker,,6ac09f41d8f8171df3091792,,,,,other,True,7,1200,1200,238195,de58fb39fc5a6561f7febb1cb466010be1fe436ef0649f6f4b3f9033b372054d,https://images.printify.com/mockup/6ac09f41d8f8171df3091792/45752/16655/fae-waving-kiss-cut-sticker.jpg?camera_label=front,F-Waving-Kiss-Cut-Sticker-front.jpg
printify,FÆ Waving Kiss-Cut Sticker,,6ac09f41d8f8171df3091792,,,,,other,False,8,1200,1200,555514,b3a302c3f0f6bea8287c7b9dab39dfcfdf7ed49dd05049ad37a99d719f6cf6d3,https://images.printify.com/mockup/6ac09f41d8f8171df3091792/45752/2177/fae-waving-kiss-cut-sticker.jpg?camera_label=context-1,F-Waving-Kiss-Cut-Sticker-context-1.jpg
printify,FÆ Waving Kiss-Cut Sticker,,6ac09f41d8f8171df3091792,,,,,other,False,9,1200,1200,1040932,179b32ff896ebdbba5f84954c310c1b52fe416028e373c8c47754367292329ae,https://images.printify.com/mockup/6ac09f41d8f8171df3091792/45752/20547/fae-waving-kiss-cut-sticker.jpg?camera_label=context-2,F-Waving-Kiss-Cut-Sticker-context-2.jpg
printify,FÆ Waving Kiss-Cut Sticker,,6ac09f41d8f8171df3091792,,,,,other,True,10,1200,1200,238195,de58fb39fc5a6561f7febb1cb466010be1fe436ef0649f6f4b3f9033b372054d,https://images.printify.com/mockup/6ac09f41d8f8171df3091792/45754/16655/fae-waving-kiss-cut-sticker.jpg?camera_label=front,F-Waving-Kiss-Cut-Sticker-front.jpg
printify,FÆ Waving Kiss-Cut Sticker,,6ac09f41d8f8171df3091792,,,,,other,False,11,1200,1200,555514,b3a302c3f0f6bea8287c7b9dab39dfcfdf7ed49dd05049ad37a99d719f6cf6d3,https://images.printify.com/mockup/6ac09f41d8f8171df3091792/45754/2178/fae-waving-kiss-cut-sticker.jpg?camera_label=context-1,F-Waving-Kiss-Cut-Sticker-context-1.jpg
printify,FÆ Waving Kiss-Cut Sticker,,6ac09f41d8f8171df3091792,,,,,other,False,12,1200,1200,1040932,179b32ff896ebdbba5f84954c310c1b52fe416028e373c8c47754367292329ae,https://images.printify.com/mockup/6ac09f41d8f8171df3091792/45754/20548/fae-waving-kiss-cut-sticker.jpg?camera_label=context-2,F-Waving-Kiss-Cut-Sticker-context-2.jpg
printify,FÆ Heart Kiss-Cut Sticker,,6ac09f3ed8f8171df309178f,,,,,other,True,1,1200,1200,227547,6b338dad744f630fa187b5a794b87a9ade181c51316eba16ac44d1c6afdecd91,https://images.printify.com/mockup/6ac09f3ed8f8171df309178f/45748/16655/fae-heart-kiss-cut-sticker.jpg?camera_label=front,F-Heart-Kiss-Cut-Sticker-front.jpg
printify,FÆ Heart Kiss-Cut Sticker,,6ac09f3ed8f8171df309178f,,,,,other,False,2,1200,1200,554108,7fa7694b55cd8a1edada0433bfdd90fab6d85e51a2991148a8e689ee27f87090,https://images.printify.com/mockup/6ac09f3ed8f8171df309178f/45748/2175/fae-heart-kiss-cut-sticker.jpg?camera_label=context-1,F-Heart-Kiss-Cut-Sticker-context-1.jpg
printify,FÆ Heart Kiss-Cut Sticker,,6ac09f3ed8f8171df309178f,,,,,other,False,3,1200,1200,1040496,5b55886edf592d7277b4e83ee9126737f34ef99963308d5d505c0a89c5f2ccba,https://images.printify.com/mockup/6ac09f3ed8f8171df309178f/45748/20545/fae-heart-kiss-cut-sticker.jpg?camera_label=context-2,F-Heart-Kiss-Cut-Sticker-context-2.jpg
printify,FÆ Heart Kiss-Cut Sticker,,6ac09f3ed8f8171df309178f,,,,,other,True,4,1200,1200,227547,6b338dad744f630fa187b5a794b87a9ade181c51316eba16ac44d1c6afdecd91,https://images.printify.com/mockup/6ac09f3ed8f8171df309178f/45750/16655/fae-heart-kiss-cut-sticker.jpg?camera_label=front,F-Heart-Kiss-Cut-Sticker-front.jpg
printify,FÆ Heart Kiss-Cut Sticker,,6ac09f3ed8f8171df309178f,,,,,other,False,5,1200,1200,554108,7fa7694b55cd8a1edada0433bfdd90fab6d85e51a2991148a8e689ee27f87090,https://images.printify.com/mockup/6ac09f3ed8f8171df309178f/45750/2176/fae-heart-kiss-cut-sticker.jpg?camera_label=context-1,F-Heart-Kiss-Cut-Sticker-context-1.jpg
printify,FÆ Heart Kiss-Cut Sticker,,6ac09f3ed8f8171df309178f,,,,,other,False,6,1200,1200,1040496,5b55886edf592d7277b4e83ee9126737f34ef99963308d5d505c0a89c5f2ccba,https://images.printify.com/mockup/6ac09f3ed8f8171df309178f/45750/20546/fae-heart-kiss-cut-sticker.jpg?camera_label=context-2,F-Heart-Kiss-Cut-Sticker-context-2.jpg
printify,FÆ Heart Kiss-Cut Sticker,,6ac09f3ed8f8171df309178f,,,,,other,True,7,1200,1200,227547,6b338dad744f630fa187b5a794b87a9ade181c51316eba16ac44d1c6afdecd91,https://images.printify.com/mockup/6ac09f3ed8f8171df309178f/45752/16655/fae-heart-kiss-cut-sticker.jpg?camera_label=front,F-Heart-Kiss-Cut-Sticker-front.jpg
printify,FÆ Heart Kiss-Cut Sticker,,6ac09f3ed8f8171df309178f,,,,,other,False,8,1200,1200,554108,7fa7694b55cd8a1edada0433bfdd90fab6d85e51a2991148a8e689ee27f87090,https://images.printify.com/mockup/6ac09f3ed8f8171df309178f/45752/2177/fae-heart-kiss-cut-sticker.jpg?camera_label=context-1,F-Heart-Kiss-Cut-Sticker-context-1.jpg
printify,FÆ Heart Kiss-Cut Sticker,,6ac09f3ed8f8171df309178f,,,,,other,False,9,1200,1200,1040496,5b55886edf592d7277b4e83ee9126737f34ef99963308d5d505c0a89c5f2ccba,https://images.printify.com/mockup/6ac09f3ed8f8171df309178f/45752/20547/fae-heart-kiss-cut-sticker.jpg?camera_label=context-2,F-Heart-Kiss-Cut-Sticker-context-2.jpg
printify,FÆ Heart Kiss-Cut Sticker,,6ac09f3ed8f8171df309178f,,,,,other,True,10,1200,1200,227547,6b338dad744f630fa187b5a794b87a9ade181c51316eba16ac44d1c6afdecd91,https://images.printify.com/mockup/6ac09f3ed8f8171df309178f/45754/16655/fae-heart-kiss-cut-sticker.jpg?camera_label=front,F-Heart-Kiss-Cut-Sticker-front.jpg
printify,FÆ Heart Kiss-Cut Sticker,,6ac09f3ed8f8171df309178f,,,,,other,False,11,1200,1200,554108,7fa7694b55cd8a1edada0433bfdd90fab6d85e51a2991148a8e689ee27f87090,https://images.printify.com/mockup/6ac09f3ed8f8171df309178f/45754/2178/fae-heart-kiss-cut-sticker.jpg?camera_label=context-1,F-Heart-Kiss-Cut-Sticker-context-1.jpg
printify,FÆ Heart Kiss-Cut Sticker,,6ac09f3ed8f8171df309178f,,,,,other,False,12,1200,1200,1040496,5b55886edf592d7277b4e83ee9126737f34ef99963308d5d505c0a89c5f2ccba,https://images.printify.com/mockup/6ac09f3ed8f8171df309178f/45754/20548/fae-heart-kiss-cut-sticker.jpg?camera_label=context-2,F-Heart-Kiss-Cut-Sticker-context-2.jpg
printify,FÆ Cape Kiss-Cut Sticker,,6ac09f3cf7e67de09b06f6f7,,,,,other,True,1,1200,1200,300621,a44e8b30aaae8a1c8125aa1bf4de075e42c54e06461953255169ba811b55a1f7,https://images.printify.com/mockup/6ac09f3cf7e67de09b06f6f7/45748/16655/fae-cape-kiss-cut-sticker.jpg?camera_label=front,F-Cape-Kiss-Cut-Sticker-front.jpg
printify,FÆ Cape Kiss-Cut Sticker,,6ac09f3cf7e67de09b06f6f7,,,,,other,False,2,1200,1200,563880,f62a07280fb41a1fd8995510a00b2c019c6b7c534ba63c185a5eb53c3ac121ae,https://images.printify.com/mockup/6ac09f3cf7e67de09b06f6f7/45748/2175/fae-cape-kiss-cut-sticker.jpg?camera_label=context-1,F-Cape-Kiss-Cut-Sticker-context-1.jpg
printify,FÆ Cape Kiss-Cut Sticker,,6ac09f3cf7e67de09b06f6f7,,,,,other,False,3,1200,1200,1042695,360b4bd990096fcdd50e06127683dfebe569f318afa74a945f810f01937eed49,https://images.printify.com/mockup/6ac09f3cf7e67de09b06f6f7/45748/20545/fae-cape-kiss-cut-sticker.jpg?camera_label=context-2,F-Cape-Kiss-Cut-Sticker-context-2.jpg
printify,FÆ Cape Kiss-Cut Sticker,,6ac09f3cf7e67de09b06f6f7,,,,,other,True,4,1200,1200,300621,a44e8b30aaae8a1c8125aa1bf4de075e42c54e06461953255169ba811b55a1f7,https://images.printify.com/mockup/6ac09f3cf7e67de09b06f6f7/45750/16655/fae-cape-kiss-cut-sticker.jpg?camera_label=front,F-Cape-Kiss-Cut-Sticker-front.jpg
printify,FÆ Cape Kiss-Cut Sticker,,6ac09f3cf7e67de09b06f6f7,,,,,other,False,5,1200,1200,563880,f62a07280fb41a1fd8995510a00b2c019c6b7c534ba63c185a5eb53c3ac121ae,https://images.printify.com/mockup/6ac09f3cf7e67de09b06f6f7/45750/2176/fae-cape-kiss-cut-sticker.jpg?camera_label=context-1,F-Cape-Kiss-Cut-Sticker-context-1.jpg
printify,FÆ Cape Kiss-Cut Sticker,,6ac09f3cf7e67de09b06f6f7,,,,,other,False,6,1200,1200,1042695,360b4bd990096fcdd50e06127683dfebe569f318afa74a945f810f01937eed49,https://images.printify.com/mockup/6ac09f3cf7e67de09b06f6f7/45750/20546/fae-cape-kiss-cut-sticker.jpg?camera_label=context-2,F-Cape-Kiss-Cut-Sticker-context-2.jpg
printify,FÆ Cape Kiss-Cut Sticker,,6ac09f3cf7e67de09b06f6f7,,,,,other,True,7,1200,1200,300621,a44e8b30aaae8a1c8125aa1bf4de075e42c54e06461953255169ba811b55a1f7,https://images.printify.com/mockup/6ac09f3cf7e67de09b06f6f7/45752/16655/fae-cape-kiss-cut-sticker.jpg?camera_label=front,F-Cape-Kiss-Cut-Sticker-front.jpg
printify,FÆ Cape Kiss-Cut Sticker,,6ac09f3cf7e67de09b06f6f7,,,,,other,False,8,1200,1200,563880,f62a07280fb41a1fd8995510a00b2c019c6b7c534ba63c185a5eb53c3ac121ae,https://images.printify.com/mockup/6ac09f3cf7e67de09b06f6f7/45752/2177/fae-cape-kiss-cut-sticker.jpg?camera_label=context-1,F-Cape-Kiss-Cut-Sticker-context-1.jpg
printify,FÆ Cape Kiss-Cut Sticker,,6ac09f3cf7e67de09b06f6f7,,,,,other,False,9,1200,1200,1042695,360b4bd990096fcdd50e06127683dfebe569f318afa74a945f810f01937eed49,https://images.printify.com/mockup/6ac09f3cf7e67de09b06f6f7/45752/20547/fae-cape-kiss-cut-sticker.jpg?camera_label=context-2,F-Cape-Kiss-Cut-Sticker-context-2.jpg
printify,FÆ Cape Kiss-Cut Sticker,,6ac09f3cf7e67de09b06f6f7,,,,,other,True,10,1200,1200,300621,a44e8b30aaae8a1c8125aa1bf4de075e42c54e06461953255169ba811b55a1f7,https://images.printify.com/mockup/6ac09f3cf7e67de09b06f6f7/45754/16655/fae-cape-kiss-cut-sticker.jpg?camera_label=front,F-Cape-Kiss-Cut-Sticker-front.jpg
printify,FÆ Cape Kiss-Cut Sticker,,6ac09f3cf7e67de09b06f6f7,,,,,other,False,11,1200,1200,563880,f62a07280fb41a1fd8995510a00b2c019c6b7c534ba63c185a5eb53c3ac121ae,https://images.printify.com/mockup/6ac09f3cf7e67de09b06f6f7/45754/2178/fae-cape-kiss-cut-sticker.jpg?camera_label=context-1,F-Cape-Kiss-Cut-Sticker-context-1.jpg
printify,FÆ Cape Kiss-Cut Sticker,,6ac09f3cf7e67de09b06f6f7,,,,,other,False,12,1200,1200,1042695,360b4bd990096fcdd50e06127683dfebe569f318afa74a945f810f01937eed49,https://images.printify.com/mockup/6ac09f3cf7e67de09b06f6f7/45754/20548/fae-cape-kiss-cut-sticker.jpg?camera_label=context-2,F-Cape-Kiss-Cut-Sticker-context-2.jpg
printify,FÆ Sticker Sheet — Mascot Poses,,6ac08e3f48ca8dfbbc0769af,,,,,other,True,1,1200,1200,134839,cbae8a238686d867091f8ef133ed34d16f5b41bd6264f725de406ffa424f2fae,https://images.printify.com/mockup/6ac08e3f48ca8dfbbc0769af/72840/16667/fae-sticker-sheet-mascot-poses.jpg?camera_label=front,F-Sticker-Sheet-Mascot-Poses-front.jpg
printify,FÆ Sticker Sheet — Mascot Poses,,6ac08e3f48ca8dfbbc0769af,,,,,other,False,2,1200,1200,774662,81baea3f5f2c7203a4894f88b150954a9ea59dd027af5ff5c4534c0a14d089a2,https://images.printify.com/mockup/6ac08e3f48ca8dfbbc0769af/72840/16775/fae-sticker-sheet-mascot-poses.jpg?camera_label=context-1,F-Sticker-Sheet-Mascot-Poses-context-1.jpg
printify,FÆ Sticker Sheet — Mascot Poses,,6ac08e3f48ca8dfbbc0769af,,,,,other,False,3,1200,1200,731663,d7157408de17946d0b7acddb019a39b7f7b0c047b416358d48158e0f16514ee8,https://images.printify.com/mockup/6ac08e3f48ca8dfbbc0769af/72840/16773/fae-sticker-sheet-mascot-poses.jpg?camera_label=context-2,F-Sticker-Sheet-Mascot-Poses-context-2.jpg
printify,FÆ Sticker Sheet — Mascot Poses,,6ac08e3f48ca8dfbbc0769af,,,,,other,False,4,1200,1200,549541,2eabc58b9014e88ac4ae2179b648d37c0a039814b1ccaf0433d5a212b41faae9,https://images.printify.com/mockup/6ac08e3f48ca8dfbbc0769af/72840/16759/fae-sticker-sheet-mascot-poses.jpg?camera_label=context-3,F-Sticker-Sheet-Mascot-Poses-context-3.jpg
printify,FÆ Sticker Sheet — Mascot Poses,,6ac08e3f48ca8dfbbc0769af,,,,,other,True,5,1200,1200,134839,cbae8a238686d867091f8ef133ed34d16f5b41bd6264f725de406ffa424f2fae,https://images.printify.com/mockup/6ac08e3f48ca8dfbbc0769af/72841/16668/fae-sticker-sheet-mascot-poses.jpg?camera_label=front,F-Sticker-Sheet-Mascot-Poses-front.jpg
printify,FÆ Sticker Sheet — Mascot Poses,,6ac08e3f48ca8dfbbc0769af,,,,,other,False,6,1200,1200,774662,81baea3f5f2c7203a4894f88b150954a9ea59dd027af5ff5c4534c0a14d089a2,https://images.printify.com/mockup/6ac08e3f48ca8dfbbc0769af/72841/16776/fae-sticker-sheet-mascot-poses.jpg?camera_label=context-1,F-Sticker-Sheet-Mascot-Poses-context-1.jpg
printify,FÆ Sticker Sheet — Mascot Poses,,6ac08e3f48ca8dfbbc0769af,,,,,other,False,7,1200,1200,731663,d7157408de17946d0b7acddb019a39b7f7b0c047b416358d48158e0f16514ee8,https://images.printify.com/mockup/6ac08e3f48ca8dfbbc0769af/72841/16774/fae-sticker-sheet-mascot-poses.jpg?camera_label=context-2,F-Sticker-Sheet-Mascot-Poses-context-2.jpg
printify,FÆ Sticker Sheet — Mascot Poses,,6ac08e3f48ca8dfbbc0769af,,,,,other,False,8,1200,1200,549541,2eabc58b9014e88ac4ae2179b648d37c0a039814b1ccaf0433d5a212b41faae9,https://images.printify.com/mockup/6ac08e3f48ca8dfbbc0769af/72841/16760/fae-sticker-sheet-mascot-poses.jpg?camera_label=context-3,F-Sticker-Sheet-Mascot-Poses-context-3.jpg
printify,FÆ Sticker Sheet — Mascot Poses,,6ac08e3f48ca8dfbbc0769af,,,,,other,True,9,1200,1200,134839,cbae8a238686d867091f8ef133ed34d16f5b41bd6264f725de406ffa424f2fae,https://images.printify.com/mockup/6ac08e3f48ca8dfbbc0769af/75561/24381/fae-sticker-sheet-mascot-poses.jpg?camera_label=front,F-Sticker-Sheet-Mascot-Poses-front.jpg
printify,FÆ Sticker Sheet — Mascot Poses,,6ac08e3f48ca8dfbbc0769af,,,,,other,False,10,1200,1200,774662,81baea3f5f2c7203a4894f88b150954a9ea59dd027af5ff5c4534c0a14d089a2,https://images.printify.com/mockup/6ac08e3f48ca8dfbbc0769af/75561/24382/fae-sticker-sheet-mascot-poses.jpg?camera_label=context-1,F-Sticker-Sheet-Mascot-Poses-context-1.jpg
printify,FÆ Sticker Sheet — Mascot Poses,,6ac08e3f48ca8dfbbc0769af,,,,,other,False,11,1200,1200,731663,d7157408de17946d0b7acddb019a39b7f7b0c047b416358d48158e0f16514ee8,https://images.printify.com/mockup/6ac08e3f48ca8dfbbc0769af/75561/24383/fae-sticker-sheet-mascot-poses.jpg?camera_label=context-2,F-Sticker-Sheet-Mascot-Poses-context-2.jpg
printify,FÆ Sticker Sheet — Mascot Poses,,6ac08e3f48ca8dfbbc0769af,,,,,other,False,12,1200,1200,549541,2eabc58b9014e88ac4ae2179b648d37c0a039814b1ccaf0433d5a212b41faae9,https://images.printify.com/mockup/6ac08e3f48ca8dfbbc0769af/75561/24384/fae-sticker-sheet-mascot-poses.jpg?camera_label=context-3,F-Sticker-Sheet-Mascot-Poses-context-3.jpg
printify,FÆ Sticker Sheet — Mascot Poses,,6ac08e3f48ca8dfbbc0769af,,,,,other,True,13,1200,1200,134839,cbae8a238686d867091f8ef133ed34d16f5b41bd6264f725de406ffa424f2fae,https://images.printify.com/mockup/6ac08e3f48ca8dfbbc0769af/75562/24385/fae-sticker-sheet-mascot-poses.jpg?camera_label=front,F-Sticker-Sheet-Mascot-Poses-front.jpg
printify,FÆ Sticker Sheet — Mascot Poses,,6ac08e3f48ca8dfbbc0769af,,,,,other,False,14,1200,1200,774662,81baea3f5f2c7203a4894f88b150954a9ea59dd027af5ff5c4534c0a14d089a2,https://images.printify.com/mockup/6ac08e3f48ca8dfbbc0769af/75562/24386/fae-sticker-sheet-mascot-poses.jpg?camera_label=context-1,F-Sticker-Sheet-Mascot-Poses-context-1.jpg
printify,FÆ Sticker Sheet — Mascot Poses,,6ac08e3f48ca8dfbbc0769af,,,,,other,False,15,1200,1200,731663,d7157408de17946d0b7acddb019a39b7f7b0c047b416358d48158e0f16514ee8,https://images.printify.com/mockup/6ac08e3f48ca8dfbbc0769af/75562/24387/fae-sticker-sheet-mascot-poses.jpg?camera_label=context-2,F-Sticker-Sheet-Mascot-Poses-context-2.jpg
printify,FÆ Sticker Sheet — Mascot Poses,,6ac08e3f48ca8dfbbc0769af,,,,,other,False,16,1200,1200,549541,2eabc58b9014e88ac4ae2179b648d37c0a039814b1ccaf0433d5a212b41faae9,https://images.printify.com/mockup/6ac08e3f48ca8dfbbc0769af/75562/24388/fae-sticker-sheet-mascot-poses.jpg?camera_label=context-3,F-Sticker-Sheet-Mascot-Poses-context-3.jpg
printify,FÆ Doll Kiss-Cut Sticker,,6ac08e3748ca8dfbbc0769a9,,,,,other,True,1,1200,1200,154564,44b78a8e2fc35bc376109ba28e608ede8361fd1a76d988187cbf0c41f561ea94,https://images.printify.com/mockup/6ac08e3748ca8dfbbc0769a9/45747/16654/fae-doll-kiss-cut-sticker.jpg?camera_label=front,F-Doll-Kiss-Cut-Sticker-front.jpg
printify,FÆ Doll Kiss-Cut Sticker,,6ac08e3748ca8dfbbc0769a9,,,,,other,False,2,1200,1200,541379,03eb2b70974b454a356409230d0310b184e86d8a087f816223fba015ca53b526,https://images.printify.com/mockup/6ac08e3748ca8dfbbc0769a9/45747/2179/fae-doll-kiss-cut-sticker.jpg?camera_label=context-1,F-Doll-Kiss-Cut-Sticker-context-1.jpg
printify,FÆ Doll Kiss-Cut Sticker,,6ac08e3748ca8dfbbc0769a9,,,,,other,False,3,1200,1200,1035468,5c7b7fb41bc1e31b12432230fdf1dfc11fe68c29c00c5f7ad4f15abc743291a1,https://images.printify.com/mockup/6ac08e3748ca8dfbbc0769a9/45747/20541/fae-doll-kiss-cut-sticker.jpg?camera_label=context-2,F-Doll-Kiss-Cut-Sticker-context-2.jpg
printify,FÆ Doll Kiss-Cut Sticker,,6ac08e3748ca8dfbbc0769a9,,,,,other,True,4,1200,1200,154564,44b78a8e2fc35bc376109ba28e608ede8361fd1a76d988187cbf0c41f561ea94,https://images.printify.com/mockup/6ac08e3748ca8dfbbc0769a9/45749/16654/fae-doll-kiss-cut-sticker.jpg?camera_label=front,F-Doll-Kiss-Cut-Sticker-front.jpg
printify,FÆ Doll Kiss-Cut Sticker,,6ac08e3748ca8dfbbc0769a9,,,,,other,False,5,1200,1200,541379,03eb2b70974b454a356409230d0310b184e86d8a087f816223fba015ca53b526,https://images.printify.com/mockup/6ac08e3748ca8dfbbc0769a9/45749/2180/fae-doll-kiss-cut-sticker.jpg?camera_label=context-1,F-Doll-Kiss-Cut-Sticker-context-1.jpg
printify,FÆ Doll Kiss-Cut Sticker,,6ac08e3748ca8dfbbc0769a9,,,,,other,False,6,1200,1200,1035468,5c7b7fb41bc1e31b12432230fdf1dfc11fe68c29c00c5f7ad4f15abc743291a1,https://images.printify.com/mockup/6ac08e3748ca8dfbbc0769a9/45749/20543/fae-doll-kiss-cut-sticker.jpg?camera_label=context-2,F-Doll-Kiss-Cut-Sticker-context-2.jpg
printify,FÆ Doll Kiss-Cut Sticker,,6ac08e3748ca8dfbbc0769a9,,,,,other,True,7,1200,1200,154564,44b78a8e2fc35bc376109ba28e608ede8361fd1a76d988187cbf0c41f561ea94,https://images.printify.com/mockup/6ac08e3748ca8dfbbc0769a9/45750/16655/fae-doll-kiss-cut-sticker.jpg?camera_label=front,F-Doll-Kiss-Cut-Sticker-front.jpg
printify,FÆ Doll Kiss-Cut Sticker,,6ac08e3748ca8dfbbc0769a9,,,,,other,False,8,1200,1200,541379,03eb2b70974b454a356409230d0310b184e86d8a087f816223fba015ca53b526,https://images.printify.com/mockup/6ac08e3748ca8dfbbc0769a9/45750/2176/fae-doll-kiss-cut-sticker.jpg?camera_label=context-1,F-Doll-Kiss-Cut-Sticker-context-1.jpg
printify,FÆ Doll Kiss-Cut Sticker,,6ac08e3748ca8dfbbc0769a9,,,,,other,False,9,1200,1200,1035468,5c7b7fb41bc1e31b12432230fdf1dfc11fe68c29c00c5f7ad4f15abc743291a1,https://images.printify.com/mockup/6ac08e3748ca8dfbbc0769a9/45750/20546/fae-doll-kiss-cut-sticker.jpg?camera_label=context-2,F-Doll-Kiss-Cut-Sticker-context-2.jpg
printify,FÆ Doll Kiss-Cut Sticker,,6ac08e3748ca8dfbbc0769a9,,,,,other,True,10,1200,1200,154564,44b78a8e2fc35bc376109ba28e608ede8361fd1a76d988187cbf0c41f561ea94,https://images.printify.com/mockup/6ac08e3748ca8dfbbc0769a9/45751/16654/fae-doll-kiss-cut-sticker.jpg?camera_label=front,F-Doll-Kiss-Cut-Sticker-front.jpg
printify,FÆ Doll Kiss-Cut Sticker,,6ac08e3748ca8dfbbc0769a9,,,,,other,False,11,1200,1200,541379,03eb2b70974b454a356409230d0310b184e86d8a087f816223fba015ca53b526,https://images.printify.com/mockup/6ac08e3748ca8dfbbc0769a9/45751/2181/fae-doll-kiss-cut-sticker.jpg?camera_label=context-1,F-Doll-Kiss-Cut-Sticker-context-1.jpg
printify,FÆ Doll Kiss-Cut Sticker,,6ac08e3748ca8dfbbc0769a9,,,,,other,False,12,1200,1200,1035468,5c7b7fb41bc1e31b12432230fdf1dfc11fe68c29c00c5f7ad4f15abc743291a1,https://images.printify.com/mockup/6ac08e3748ca8dfbbc0769a9/45751/20542/fae-doll-kiss-cut-sticker.jpg?camera_label=context-2,F-Doll-Kiss-Cut-Sticker-context-2.jpg
printify,FÆ Doll Kiss-Cut Sticker,,6ac08e3748ca8dfbbc0769a9,,,,,other,True,13,1200,1200,154564,44b78a8e2fc35bc376109ba28e608ede8361fd1a76d988187cbf0c41f561ea94,https://images.printify.com/mockup/6ac08e3748ca8dfbbc0769a9/45752/16655/fae-doll-kiss-cut-sticker.jpg?camera_label=front,F-Doll-Kiss-Cut-Sticker-front.jpg
printify,FÆ Doll Kiss-Cut Sticker,,6ac08e3748ca8dfbbc0769a9,,,,,other,False,14,1200,1200,541379,03eb2b70974b454a356409230d0310b184e86d8a087f816223fba015ca53b526,https://images.printify.com/mockup/6ac08e3748ca8dfbbc0769a9/45752/2177/fae-doll-kiss-cut-sticker.jpg?camera_label=context-1,F-Doll-Kiss-Cut-Sticker-context-1.jpg
printify,FÆ Doll Kiss-Cut Sticker,,6ac08e3748ca8dfbbc0769a9,,,,,other,False,15,1200,1200,1035468,5c7b7fb41bc1e31b12432230fdf1dfc11fe68c29c00c5f7ad4f15abc743291a1,https://images.printify.com/mockup/6ac08e3748ca8dfbbc0769a9/45752/20547/fae-doll-kiss-cut-sticker.jpg?camera_label=context-2,F-Doll-Kiss-Cut-Sticker-context-2.jpg
printify,FÆ Doll Kiss-Cut Sticker,,6ac08e3748ca8dfbbc0769a9,,,,,other,True,16,1200,1200,154564,44b78a8e2fc35bc376109ba28e608ede8361fd1a76d988187cbf0c41f561ea94,https://images.printify.com/mockup/6ac08e3748ca8dfbbc0769a9/45753/16654/fae-doll-kiss-cut-sticker.jpg?camera_label=front,F-Doll-Kiss-Cut-Sticker-front.jpg
printify,FÆ Doll Kiss-Cut Sticker,,6ac08e3748ca8dfbbc0769a9,,,,,other,False,17,1200,1200,541379,03eb2b70974b454a356409230d0310b184e86d8a087f816223fba015ca53b526,https://images.printify.com/mockup/6ac08e3748ca8dfbbc0769a9/45753/2182/fae-doll-kiss-cut-sticker.jpg?camera_label=context-1,F-Doll-Kiss-Cut-Sticker-context-1.jpg
printify,FÆ Doll Kiss-Cut Sticker,,6ac08e3748ca8dfbbc0769a9,,,,,other,False,18,1200,1200,1035468,5c7b7fb41bc1e31b12432230fdf1dfc11fe68c29c00c5f7ad4f15abc743291a1,https://images.printify.com/mockup/6ac08e3748ca8dfbbc0769a9/45753/20544/fae-doll-kiss-cut-sticker.jpg?camera_label=context-2,F-Doll-Kiss-Cut-Sticker-context-2.jpg
printify,FÆ Doll Kiss-Cut Sticker,,6ac08e3748ca8dfbbc0769a9,,,,,other,True,19,1200,1200,154564,44b78a8e2fc35bc376109ba28e608ede8361fd1a76d988187cbf0c41f561ea94,https://images.printify.com/mockup/6ac08e3748ca8dfbbc0769a9/45754/16655/fae-doll-kiss-cut-sticker.jpg?camera_label=front,F-Doll-Kiss-Cut-Sticker-front.jpg
printify,FÆ Doll Kiss-Cut Sticker,,6ac08e3748ca8dfbbc0769a9,,,,,other,False,20,1200,1200,541379,03eb2b70974b454a356409230d0310b184e86d8a087f816223fba015ca53b526,https://images.printify.com/mockup/6ac08e3748ca8dfbbc0769a9/45754/2178/fae-doll-kiss-cut-sticker.jpg?camera_label=context-1,F-Doll-Kiss-Cut-Sticker-context-1.jpg
printify,FÆ Doll Kiss-Cut Sticker,,6ac08e3748ca8dfbbc0769a9,,,,,other,False,21,1200,1200,1035468,5c7b7fb41bc1e31b12432230fdf1dfc11fe68c29c00c5f7ad4f15abc743291a1,https://images.printify.com/mockup/6ac08e3748ca8dfbbc0769a9/45754/20548/fae-doll-kiss-cut-sticker.jpg?camera_label=context-2,F-Doll-Kiss-Cut-Sticker-context-2.jpg
printify,Deploying Identity Tee,,6abbaec1bf0da08e3305f10d,,,,,front,True,1,1200,1200,56608,16916793c4b9e8d25e67b9976eee9487d7facfc7175e99b38e8b97b0dff7b9f5,https://images.printify.com/mockup/6abbaec1bf0da08e3305f10d/12124/102005/deploying-identity-tee.jpg?camera_label=front-2,Deploying-Identity-Tee-front-2.jpg
printify,Deploying Identity Tee,,6abbaec1bf0da08e3305f10d,,,,,back,False,2,1200,1200,51306,d196830f9e0e632967c415a770a2497d7f07176b10007eb672973d30b8718dd2,https://images.printify.com/mockup/6abbaec1bf0da08e3305f10d/12124/102006/deploying-identity-tee.jpg?camera_label=back-2,Deploying-Identity-Tee-back-2.jpg
printify,Deploying Identity Tee,,6abbaec1bf0da08e3305f10d,,,,,other,False,3,1200,1200,74188,28c0277ce30a7ea72f7050915f67e31114bea2e8b90061a9254218180c19623d,https://images.printify.com/mockup/6abbaec1bf0da08e3305f10d/12124/102001/deploying-identity-tee.jpg?camera_label=folded,Deploying-Identity-Tee-folded.jpg
printify,Deploying Identity Tee,,6abbaec1bf0da08e3305f10d,,,,,other,False,4,1200,1200,339714,2577a70f1e49504815f5c36bd8d4bde0d83432007ae1fa3f8ab63a73c578bcbe,https://images.printify.com/mockup/6abbaec1bf0da08e3305f10d/12124/127735/deploying-identity-tee.jpg?camera_label=folded-2,Deploying-Identity-Tee-folded-2.jpg
printify,"Off The Clock, Still Iconic Tee",,6abb6b265d4c9ca8e50280e0,,,,,front,True,1,1200,1200,70011,aa62cc379f0ed1590c53439f54fe6aef7f6c69c1ee1e1edb778623cc75947834,https://images.printify.com/mockup/6abb6b265d4c9ca8e50280e0/12124/92570/off-the-clock-still-iconic-tee.jpg?camera_label=front,Off-The-Clock-Still-Iconic-Tee-front.jpg
printify,"Off The Clock, Still Iconic Tee",,6abb6b265d4c9ca8e50280e0,,,,,back,False,2,1200,1200,57397,8cf0f5999b9ae4bdb82aa3c12e61123a9f8a4d55934c10aabfae9c948036ef0c,https://images.printify.com/mockup/6abb6b265d4c9ca8e50280e0/12124/92571/off-the-clock-still-iconic-tee.jpg?camera_label=back,Off-The-Clock-Still-Iconic-Tee-back.jpg
printify,"Off The Clock, Still Iconic Tee",,6abb6b265d4c9ca8e50280e0,,,,,front,False,3,1200,1200,57377,b136b21f81faf494f2191f937ffce80c5f76cc3af6cd725e9fefb0810935294c,https://images.printify.com/mockup/6abb6b265d4c9ca8e50280e0/12124/102005/off-the-clock-still-iconic-tee.jpg?camera_label=front-2,Off-The-Clock-Still-Iconic-Tee-front-2.jpg
printify,"Off The Clock, Still Iconic Tee",,6abb6b265d4c9ca8e50280e0,,,,,back,False,4,1200,1200,50999,df325aac36105dab1266e00d78f950f211d998bc09b48a239309f17ef6f89071,https://images.printify.com/mockup/6abb6b265d4c9ca8e50280e0/12124/102006/off-the-clock-still-iconic-tee.jpg?camera_label=back-2,Off-The-Clock-Still-Iconic-Tee-back-2.jpg
printify,404 Straight Not Found Tote Bag — Funny Tech Error Canvas Tote,,6ab7832fd6e3b9312702eb51,,,,,front,True,1,1200,1200,49144,aa42f3ff42bd53b998c157b7de190141486d54c73a75aa2c2545d1a49e2f7851,https://images.printify.com/mockup/6ab7832fd6e3b9312702eb51/103598/93895/404-straight-not-found-tote-bag-funny-tech-error-canvas-tote.jpg?camera_label=front,404-Straight-Not-Found-Tote-Bag-Funny-Tech-Error-C-front.jpg
printify,FÆBRIQ Baseball Cap — Pride Rainbow Low Profile Hat,,6a99fa22fda5370e9209cc50,,,,,front,True,1,1200,1200,53671,49f5a49bfef7dfa9129a2892183040be341d1ab460002b06b16a10ed13089314,https://images.printify.com/mockup/6a99fa22fda5370e9209cc50/104278/53890/faebriq-baseball-cap-pride-rainbow-low-profile-hat.jpg?camera_label=front,F-BRIQ-Baseball-Cap-Pride-Rainbow-Low-Profile-Hat-front.jpg
printify,FÆBRIQ Baseball Cap — Pride Rainbow Low Profile Hat,,6a99fa22fda5370e9209cc50,,,,,other,False,2,1200,1200,46784,87c4ae6fe8a9ebbca7d8b33691c3364eb3d3087ef60ea2ec83783b11d71ffcc3,https://images.printify.com/mockup/6a99fa22fda5370e9209cc50/104278/55688/faebriq-baseball-cap-pride-rainbow-low-profile-hat.jpg?camera_label=back,F-BRIQ-Baseball-Cap-Pride-Rainbow-Low-Profile-Hat-back.jpg
printify,FÆBRIQ Baseball Cap — Pride Rainbow Low Profile Hat,,6a99fa22fda5370e9209cc50,,,,,other,False,3,1200,1200,46200,9d1e216df5cfbce350a957ead22533cb4bbf5b02ed8ae7e19351e0e1bb025717,https://images.printify.com/mockup/6a99fa22fda5370e9209cc50/104278/112105/faebriq-baseball-cap-pride-rainbow-low-profile-hat.jpg?camera_label=left,F-BRIQ-Baseball-Cap-Pride-Rainbow-Low-Profile-Hat-left.jpg
printify,FÆBRIQ Baseball Cap — Pride Rainbow Low Profile Hat,,6a99fa22fda5370e9209cc50,,,,,other,False,4,1200,1200,46205,81f97952acf2292720facb07087f82bf17914085f7b285dffefee2207fbb795f,https://images.printify.com/mockup/6a99fa22fda5370e9209cc50/104278/55685/faebriq-baseball-cap-pride-rainbow-low-profile-hat.jpg?camera_label=right,F-BRIQ-Baseball-Cap-Pride-Rainbow-Low-Profile-Hat-right.jpg
printify,Error 404: Straight Not Found Tee,,6a90144f1660304ab40b1a0b,,,,,front,True,1,1200,1200,68999,4e386a7cc2b800007dc57b4c462af77a483f42adbf1d427b019314cd737fcf71,https://images.printify.com/mockup/6a90144f1660304ab40b1a0b/12124/92570/error-404-straight-not-found-tee.jpg?camera_label=front,Error-404-Straight-Not-Found-Tee-front.jpg
printify,Error 404: Straight Not Found Tee,,6a90144f1660304ab40b1a0b,,,,,back,False,2,1200,1200,57397,8cf0f5999b9ae4bdb82aa3c12e61123a9f8a4d55934c10aabfae9c948036ef0c,https://images.printify.com/mockup/6a90144f1660304ab40b1a0b/12124/92571/error-404-straight-not-found-tee.jpg?camera_label=back,Error-404-Straight-Not-Found-Tee-back.jpg
printify,Error 404: Straight Not Found Tee,,6a90144f1660304ab40b1a0b,,,,,front,False,3,1200,1200,55352,231fd5254bf4bfffe700e73129526cb4b231e19fc99560b97495278bdab2bb44,https://images.printify.com/mockup/6a90144f1660304ab40b1a0b/12124/102005/error-404-straight-not-found-tee.jpg?camera_label=front-2,Error-404-Straight-Not-Found-Tee-front-2.jpg
printify,Error 404: Straight Not Found Tee,,6a90144f1660304ab40b1a0b,,,,,back,False,4,1200,1200,50999,df325aac36105dab1266e00d78f950f211d998bc09b48a239309f17ef6f89071,https://images.printify.com/mockup/6a90144f1660304ab40b1a0b/12124/102006/error-404-straight-not-found-tee.jpg?camera_label=back-2,Error-404-Straight-Not-Found-Tee-back-2.jpg
printify,"Please Hold, I'm Rebranding My Identity Tee",,6a8d2c044d011a572d01bf6a,,,,,front,True,1,1200,1200,69910,6c6e94bb11415bb613f9b0faf777f30bd522e888aad5b0ddaecc109081a86140,https://images.printify.com/mockup/6a8d2c044d011a572d01bf6a/12124/92570/please-hold-im-rebranding-my-identity-tee.jpg?camera_label=front,Please-Hold-I-m-Rebranding-My-Identity-Tee-front.jpg
printify,"Please Hold, I'm Rebranding My Identity Tee",,6a8d2c044d011a572d01bf6a,,,,,back,False,2,1200,1200,57610,0bd20570c7770ecd1ecda985cfd5931ad878c353622f8b242561a6aa960560b7,https://images.printify.com/mockup/6a8d2c044d011a572d01bf6a/12124/92571/please-hold-im-rebranding-my-identity-tee.jpg?camera_label=back,Please-Hold-I-m-Rebranding-My-Identity-Tee-back.jpg
printify,"Please Hold, I'm Rebranding My Identity Tee",,6a8d2c044d011a572d01bf6a,,,,,front,False,3,1200,1200,57047,66a9d201f8cfdc3660199eaa5de33c704a306f538da0a292a930c8e01293b625,https://images.printify.com/mockup/6a8d2c044d011a572d01bf6a/12124/102005/please-hold-im-rebranding-my-identity-tee.jpg?camera_label=front-2,Please-Hold-I-m-Rebranding-My-Identity-Tee-front-2.jpg
printify,"Please Hold, I'm Rebranding My Identity Tee",,6a8d2c044d011a572d01bf6a,,,,,back,False,4,1200,1200,51282,9c80cba2c0cc0bceaa64fd5314f7592c99704f50f7ee9468c9d501a239df4d01,https://images.printify.com/mockup/6a8d2c044d011a572d01bf6a/12124/102006/please-hold-im-rebranding-my-identity-tee.jpg?camera_label=back-2,Please-Hold-I-m-Rebranding-My-Identity-Tee-back-2.jpg
printify,Minimal Phrase Sticker Sheets — Subtle Neutral Planner & Journal Labels,,6a739f7df2bdcf8f170af5a4,,,,,other,True,1,1200,1200,140096,7f38a2994cfa7f267b5662c84659a4d4822b080a9eabce1710c90e799848f56e,https://images.printify.com/mockup/6a739f7df2bdcf8f170af5a4/72840/16667/minimal-phrase-sticker-sheets-subtle-neutral-planner-journal-labels.jpg?camera_label=front,Minimal-Phrase-Sticker-Sheets-Subtle-Neutral-Plann-front.jpg
printify,Minimal Phrase Sticker Sheets — Subtle Neutral Planner & Journal Labels,,6a739f7df2bdcf8f170af5a4,,,,,other,False,2,1200,1200,777083,51f0443e29898be7fa680b3982a22881432db6127be378ce742bfc7deea434ef,https://images.printify.com/mockup/6a739f7df2bdcf8f170af5a4/72840/16775/minimal-phrase-sticker-sheets-subtle-neutral-planner-journal-labels.jpg?camera_label=context-1,Minimal-Phrase-Sticker-Sheets-Subtle-Neutral-Plann-context-1.jpg
printify,Minimal Phrase Sticker Sheets — Subtle Neutral Planner & Journal Labels,,6a739f7df2bdcf8f170af5a4,,,,,other,False,3,1200,1200,738680,7baa7fe9c1a84949c63b0727460de7737f877524b098170e2bb3840a16eb1ad5,https://images.printify.com/mockup/6a739f7df2bdcf8f170af5a4/72840/16773/minimal-phrase-sticker-sheets-subtle-neutral-planner-journal-labels.jpg?camera_label=context-2,Minimal-Phrase-Sticker-Sheets-Subtle-Neutral-Plann-context-2.jpg
printify,Minimal Phrase Sticker Sheets — Subtle Neutral Planner & Journal Labels,,6a739f7df2bdcf8f170af5a4,,,,,other,False,4,1200,1200,552229,812cfb5c415574e7e6602ff48885bfbed2a5786560351ad6f955d784b37dd57f,https://images.printify.com/mockup/6a739f7df2bdcf8f170af5a4/72840/16759/minimal-phrase-sticker-sheets-subtle-neutral-planner-journal-labels.jpg?camera_label=context-3,Minimal-Phrase-Sticker-Sheets-Subtle-Neutral-Plann-context-3.jpg
printify,Kiss-Cut Stickers,,6a739a8cef324454d708b48b,,,,,other,True,1,1200,1200,115448,985286eb5fb9198f65eacc614c59ae44421803fefd078bce9bb27894e0d7d11e,https://images.printify.com/mockup/6a739a8cef324454d708b48b/45750/16655/kiss-cut-stickers.jpg?camera_label=front,Kiss-Cut-Stickers-front.jpg
printify,Kiss-Cut Stickers,,6a739a8cef324454d708b48b,,,,,other,False,2,1200,1200,556885,0ceecc076108d78b05a6f1a6e8295f2c52cfb2bc8232db9a17445e3b2d912d45,https://images.printify.com/mockup/6a739a8cef324454d708b48b/45750/2176/kiss-cut-stickers.jpg?camera_label=context-1,Kiss-Cut-Stickers-context-1.jpg
printify,Kiss-Cut Stickers,,6a739a8cef324454d708b48b,,,,,other,False,3,1200,1200,1042319,5c4b693834f12df3004f3f13e5b127a0e80e366530c8d4edcee2f9e0fe6c211e,https://images.printify.com/mockup/6a739a8cef324454d708b48b/45750/20546/kiss-cut-stickers.jpg?camera_label=context-2,Kiss-Cut-Stickers-context-2.jpg
printify,Kiss-Cut Stickers,,6a739a8cef324454d708b48b,,,,,other,True,4,1200,1200,115448,985286eb5fb9198f65eacc614c59ae44421803fefd078bce9bb27894e0d7d11e,https://images.printify.com/mockup/6a739a8cef324454d708b48b/45752/16655/kiss-cut-stickers.jpg?camera_label=front,Kiss-Cut-Stickers-front.jpg
printify,Kiss-Cut Stickers,,6a739a8cef324454d708b48b,,,,,other,False,5,1200,1200,556885,0ceecc076108d78b05a6f1a6e8295f2c52cfb2bc8232db9a17445e3b2d912d45,https://images.printify.com/mockup/6a739a8cef324454d708b48b/45752/2177/kiss-cut-stickers.jpg?camera_label=context-1,Kiss-Cut-Stickers-context-1.jpg
printify,Kiss-Cut Stickers,,6a739a8cef324454d708b48b,,,,,other,False,6,1200,1200,1042319,5c4b693834f12df3004f3f13e5b127a0e80e366530c8d4edcee2f9e0fe6c211e,https://images.printify.com/mockup/6a739a8cef324454d708b48b/45752/20547/kiss-cut-stickers.jpg?camera_label=context-2,Kiss-Cut-Stickers-context-2.jpg
printify,Kiss-Cut Stickers,,6a739a8cef324454d708b48b,,,,,other,True,7,1200,1200,115448,985286eb5fb9198f65eacc614c59ae44421803fefd078bce9bb27894e0d7d11e,https://images.printify.com/mockup/6a739a8cef324454d708b48b/45754/16655/kiss-cut-stickers.jpg?camera_label=front,Kiss-Cut-Stickers-front.jpg
printify,Kiss-Cut Stickers,,6a739a8cef324454d708b48b,,,,,other,False,8,1200,1200,556885,0ceecc076108d78b05a6f1a6e8295f2c52cfb2bc8232db9a17445e3b2d912d45,https://images.printify.com/mockup/6a739a8cef324454d708b48b/45754/2178/kiss-cut-stickers.jpg?camera_label=context-1,Kiss-Cut-Stickers-context-1.jpg
printify,Kiss-Cut Stickers,,6a739a8cef324454d708b48b,,,,,other,False,9,1200,1200,1042319,5c4b693834f12df3004f3f13e5b127a0e80e366530c8d4edcee2f9e0fe6c211e,https://images.printify.com/mockup/6a739a8cef324454d708b48b/45754/20548/kiss-cut-stickers.jpg?camera_label=context-2,Kiss-Cut-Stickers-context-2.jpg
printify,Kiss-Cut Stickers,,6a739a8cef324454d708b48b,,,,,other,True,10,1200,1200,115448,985286eb5fb9198f65eacc614c59ae44421803fefd078bce9bb27894e0d7d11e,https://images.printify.com/mockup/6a739a8cef324454d708b48b/45748/16655/kiss-cut-stickers.jpg?camera_label=front,Kiss-Cut-Stickers-front.jpg
printify,Kiss-Cut Stickers,,6a739a8cef324454d708b48b,,,,,other,False,11,1200,1200,556885,0ceecc076108d78b05a6f1a6e8295f2c52cfb2bc8232db9a17445e3b2d912d45,https://images.printify.com/mockup/6a739a8cef324454d708b48b/45748/2175/kiss-cut-stickers.jpg?camera_label=context-1,Kiss-Cut-Stickers-context-1.jpg
printify,Kiss-Cut Stickers,,6a739a8cef324454d708b48b,,,,,other,False,12,1200,1200,1042319,5c4b693834f12df3004f3f13e5b127a0e80e366530c8d4edcee2f9e0fe6c211e,https://images.printify.com/mockup/6a739a8cef324454d708b48b/45748/20545/kiss-cut-stickers.jpg?camera_label=context-2,Kiss-Cut-Stickers-context-2.jpg
printify,Kiss-Cut Stickers,,6a7399f0ef324454d708b414,,,,,other,True,1,1200,1200,115448,985286eb5fb9198f65eacc614c59ae44421803fefd078bce9bb27894e0d7d11e,https://images.printify.com/mockup/6a7399f0ef324454d708b414/45748/16655/kiss-cut-stickers.jpg?camera_label=front,Kiss-Cut-Stickers-front.jpg
printify,Kiss-Cut Stickers,,6a7399f0ef324454d708b414,,,,,other,False,2,1200,1200,556885,0ceecc076108d78b05a6f1a6e8295f2c52cfb2bc8232db9a17445e3b2d912d45,https://images.printify.com/mockup/6a7399f0ef324454d708b414/45748/2175/kiss-cut-stickers.jpg?camera_label=context-1,Kiss-Cut-Stickers-context-1.jpg
printify,Kiss-Cut Stickers,,6a7399f0ef324454d708b414,,,,,other,False,3,1200,1200,1042319,5c4b693834f12df3004f3f13e5b127a0e80e366530c8d4edcee2f9e0fe6c211e,https://images.printify.com/mockup/6a7399f0ef324454d708b414/45748/20545/kiss-cut-stickers.jpg?camera_label=context-2,Kiss-Cut-Stickers-context-2.jpg
printify,Kiss-Cut Stickers,,6a7399f0ef324454d708b414,,,,,other,True,4,1200,1200,115448,985286eb5fb9198f65eacc614c59ae44421803fefd078bce9bb27894e0d7d11e,https://images.printify.com/mockup/6a7399f0ef324454d708b414/45750/16655/kiss-cut-stickers.jpg?camera_label=front,Kiss-Cut-Stickers-front.jpg
printify,Kiss-Cut Stickers,,6a7399f0ef324454d708b414,,,,,other,False,5,1200,1200,556885,0ceecc076108d78b05a6f1a6e8295f2c52cfb2bc8232db9a17445e3b2d912d45,https://images.printify.com/mockup/6a7399f0ef324454d708b414/45750/2176/kiss-cut-stickers.jpg?camera_label=context-1,Kiss-Cut-Stickers-context-1.jpg
printify,Kiss-Cut Stickers,,6a7399f0ef324454d708b414,,,,,other,False,6,1200,1200,1042319,5c4b693834f12df3004f3f13e5b127a0e80e366530c8d4edcee2f9e0fe6c211e,https://images.printify.com/mockup/6a7399f0ef324454d708b414/45750/20546/kiss-cut-stickers.jpg?camera_label=context-2,Kiss-Cut-Stickers-context-2.jpg
printify,Kiss-Cut Stickers,,6a7399f0ef324454d708b414,,,,,other,True,7,1200,1200,115448,985286eb5fb9198f65eacc614c59ae44421803fefd078bce9bb27894e0d7d11e,https://images.printify.com/mockup/6a7399f0ef324454d708b414/45752/16655/kiss-cut-stickers.jpg?camera_label=front,Kiss-Cut-Stickers-front.jpg
printify,Kiss-Cut Stickers,,6a7399f0ef324454d708b414,,,,,other,False,8,1200,1200,556885,0ceecc076108d78b05a6f1a6e8295f2c52cfb2bc8232db9a17445e3b2d912d45,https://images.printify.com/mockup/6a7399f0ef324454d708b414/45752/2177/kiss-cut-stickers.jpg?camera_label=context-1,Kiss-Cut-Stickers-context-1.jpg
printify,Kiss-Cut Stickers,,6a7399f0ef324454d708b414,,,,,other,False,9,1200,1200,1042319,5c4b693834f12df3004f3f13e5b127a0e80e366530c8d4edcee2f9e0fe6c211e,https://images.printify.com/mockup/6a7399f0ef324454d708b414/45752/20547/kiss-cut-stickers.jpg?camera_label=context-2,Kiss-Cut-Stickers-context-2.jpg
printify,Kiss-Cut Stickers,,6a7399f0ef324454d708b414,,,,,other,True,10,1200,1200,115448,985286eb5fb9198f65eacc614c59ae44421803fefd078bce9bb27894e0d7d11e,https://images.printify.com/mockup/6a7399f0ef324454d708b414/45754/16655/kiss-cut-stickers.jpg?camera_label=front,Kiss-Cut-Stickers-front.jpg
printify,Kiss-Cut Stickers,,6a7399f0ef324454d708b414,,,,,other,False,11,1200,1200,556885,0ceecc076108d78b05a6f1a6e8295f2c52cfb2bc8232db9a17445e3b2d912d45,https://images.printify.com/mockup/6a7399f0ef324454d708b414/45754/2178/kiss-cut-stickers.jpg?camera_label=context-1,Kiss-Cut-Stickers-context-1.jpg
printify,Kiss-Cut Stickers,,6a7399f0ef324454d708b414,,,,,other,False,12,1200,1200,1042319,5c4b693834f12df3004f3f13e5b127a0e80e366530c8d4edcee2f9e0fe6c211e,https://images.printify.com/mockup/6a7399f0ef324454d708b414/45754/20548/kiss-cut-stickers.jpg?camera_label=context-2,Kiss-Cut-Stickers-context-2.jpg
printify,Kiss-Cut Stickers,,6a7398b1bc22e4be85086e1b,,,,,other,True,1,1200,1200,115448,985286eb5fb9198f65eacc614c59ae44421803fefd078bce9bb27894e0d7d11e,https://images.printify.com/mockup/6a7398b1bc22e4be85086e1b/45750/16655/kiss-cut-stickers.jpg?camera_label=front,Kiss-Cut-Stickers-front.jpg
printify,Kiss-Cut Stickers,,6a7398b1bc22e4be85086e1b,,,,,other,False,2,1200,1200,556885,0ceecc076108d78b05a6f1a6e8295f2c52cfb2bc8232db9a17445e3b2d912d45,https://images.printify.com/mockup/6a7398b1bc22e4be85086e1b/45750/2176/kiss-cut-stickers.jpg?camera_label=context-1,Kiss-Cut-Stickers-context-1.jpg
printify,Kiss-Cut Stickers,,6a7398b1bc22e4be85086e1b,,,,,other,False,3,1200,1200,1042319,5c4b693834f12df3004f3f13e5b127a0e80e366530c8d4edcee2f9e0fe6c211e,https://images.printify.com/mockup/6a7398b1bc22e4be85086e1b/45750/20546/kiss-cut-stickers.jpg?camera_label=context-2,Kiss-Cut-Stickers-context-2.jpg
printify,Kiss-Cut Stickers,,6a7398b1bc22e4be85086e1b,,,,,other,True,4,1200,1200,115448,985286eb5fb9198f65eacc614c59ae44421803fefd078bce9bb27894e0d7d11e,https://images.printify.com/mockup/6a7398b1bc22e4be85086e1b/45752/16655/kiss-cut-stickers.jpg?camera_label=front,Kiss-Cut-Stickers-front.jpg
printify,Kiss-Cut Stickers,,6a7398b1bc22e4be85086e1b,,,,,other,False,5,1200,1200,556885,0ceecc076108d78b05a6f1a6e8295f2c52cfb2bc8232db9a17445e3b2d912d45,https://images.printify.com/mockup/6a7398b1bc22e4be85086e1b/45752/2177/kiss-cut-stickers.jpg?camera_label=context-1,Kiss-Cut-Stickers-context-1.jpg
printify,Kiss-Cut Stickers,,6a7398b1bc22e4be85086e1b,,,,,other,False,6,1200,1200,1042319,5c4b693834f12df3004f3f13e5b127a0e80e366530c8d4edcee2f9e0fe6c211e,https://images.printify.com/mockup/6a7398b1bc22e4be85086e1b/45752/20547/kiss-cut-stickers.jpg?camera_label=context-2,Kiss-Cut-Stickers-context-2.jpg
printify,Kiss-Cut Stickers,,6a7398b1bc22e4be85086e1b,,,,,other,True,7,1200,1200,115448,985286eb5fb9198f65eacc614c59ae44421803fefd078bce9bb27894e0d7d11e,https://images.printify.com/mockup/6a7398b1bc22e4be85086e1b/45754/16655/kiss-cut-stickers.jpg?camera_label=front,Kiss-Cut-Stickers-front.jpg
printify,Kiss-Cut Stickers,,6a7398b1bc22e4be85086e1b,,,,,other,False,8,1200,1200,556885,0ceecc076108d78b05a6f1a6e8295f2c52cfb2bc8232db9a17445e3b2d912d45,https://images.printify.com/mockup/6a7398b1bc22e4be85086e1b/45754/2178/kiss-cut-stickers.jpg?camera_label=context-1,Kiss-Cut-Stickers-context-1.jpg
printify,Kiss-Cut Stickers,,6a7398b1bc22e4be85086e1b,,,,,other,False,9,1200,1200,1042319,5c4b693834f12df3004f3f13e5b127a0e80e366530c8d4edcee2f9e0fe6c211e,https://images.printify.com/mockup/6a7398b1bc22e4be85086e1b/45754/20548/kiss-cut-stickers.jpg?camera_label=context-2,Kiss-Cut-Stickers-context-2.jpg
printify,Kiss-Cut Stickers,,6a7398b1bc22e4be85086e1b,,,,,other,True,10,1200,1200,115448,985286eb5fb9198f65eacc614c59ae44421803fefd078bce9bb27894e0d7d11e,https://images.printify.com/mockup/6a7398b1bc22e4be85086e1b/45748/16655/kiss-cut-stickers.jpg?camera_label=front,Kiss-Cut-Stickers-front.jpg
printify,Kiss-Cut Stickers,,6a7398b1bc22e4be85086e1b,,,,,other,False,11,1200,1200,556885,0ceecc076108d78b05a6f1a6e8295f2c52cfb2bc8232db9a17445e3b2d912d45,https://images.printify.com/mockup/6a7398b1bc22e4be85086e1b/45748/2175/kiss-cut-stickers.jpg?camera_label=context-1,Kiss-Cut-Stickers-context-1.jpg
printify,Kiss-Cut Stickers,,6a7398b1bc22e4be85086e1b,,,,,other,False,12,1200,1200,1042319,5c4b693834f12df3004f3f13e5b127a0e80e366530c8d4edcee2f9e0fe6c211e,https://images.printify.com/mockup/6a7398b1bc22e4be85086e1b/45748/20545/kiss-cut-stickers.jpg?camera_label=context-2,Kiss-Cut-Stickers-context-2.jpg
printify,Kiss-Cut Stickers,,6a73986bcd8089ac2c01ee5a,,,,,other,True,1,1200,1200,115448,985286eb5fb9198f65eacc614c59ae44421803fefd078bce9bb27894e0d7d11e,https://images.printify.com/mockup/6a73986bcd8089ac2c01ee5a/45750/16655/kiss-cut-stickers.jpg?camera_label=front,Kiss-Cut-Stickers-front.jpg
printify,Kiss-Cut Stickers,,6a73986bcd8089ac2c01ee5a,,,,,other,False,2,1200,1200,556885,0ceecc076108d78b05a6f1a6e8295f2c52cfb2bc8232db9a17445e3b2d912d45,https://images.printify.com/mockup/6a73986bcd8089ac2c01ee5a/45750/2176/kiss-cut-stickers.jpg?camera_label=context-1,Kiss-Cut-Stickers-context-1.jpg
printify,Kiss-Cut Stickers,,6a73986bcd8089ac2c01ee5a,,,,,other,False,3,1200,1200,1042319,5c4b693834f12df3004f3f13e5b127a0e80e366530c8d4edcee2f9e0fe6c211e,https://images.printify.com/mockup/6a73986bcd8089ac2c01ee5a/45750/20546/kiss-cut-stickers.jpg?camera_label=context-2,Kiss-Cut-Stickers-context-2.jpg
printify,Kiss-Cut Stickers,,6a73986bcd8089ac2c01ee5a,,,,,other,True,4,1200,1200,115448,985286eb5fb9198f65eacc614c59ae44421803fefd078bce9bb27894e0d7d11e,https://images.printify.com/mockup/6a73986bcd8089ac2c01ee5a/45752/16655/kiss-cut-stickers.jpg?camera_label=front,Kiss-Cut-Stickers-front.jpg
printify,Kiss-Cut Stickers,,6a73986bcd8089ac2c01ee5a,,,,,other,False,5,1200,1200,556885,0ceecc076108d78b05a6f1a6e8295f2c52cfb2bc8232db9a17445e3b2d912d45,https://images.printify.com/mockup/6a73986bcd8089ac2c01ee5a/45752/2177/kiss-cut-stickers.jpg?camera_label=context-1,Kiss-Cut-Stickers-context-1.jpg
printify,Kiss-Cut Stickers,,6a73986bcd8089ac2c01ee5a,,,,,other,False,6,1200,1200,1042319,5c4b693834f12df3004f3f13e5b127a0e80e366530c8d4edcee2f9e0fe6c211e,https://images.printify.com/mockup/6a73986bcd8089ac2c01ee5a/45752/20547/kiss-cut-stickers.jpg?camera_label=context-2,Kiss-Cut-Stickers-context-2.jpg
printify,Kiss-Cut Stickers,,6a73986bcd8089ac2c01ee5a,,,,,other,True,7,1200,1200,115448,985286eb5fb9198f65eacc614c59ae44421803fefd078bce9bb27894e0d7d11e,https://images.printify.com/mockup/6a73986bcd8089ac2c01ee5a/45754/16655/kiss-cut-stickers.jpg?camera_label=front,Kiss-Cut-Stickers-front.jpg
printify,Kiss-Cut Stickers,,6a73986bcd8089ac2c01ee5a,,,,,other,False,8,1200,1200,556885,0ceecc076108d78b05a6f1a6e8295f2c52cfb2bc8232db9a17445e3b2d912d45,https://images.printify.com/mockup/6a73986bcd8089ac2c01ee5a/45754/2178/kiss-cut-stickers.jpg?camera_label=context-1,Kiss-Cut-Stickers-context-1.jpg
printify,Kiss-Cut Stickers,,6a73986bcd8089ac2c01ee5a,,,,,other,False,9,1200,1200,1042319,5c4b693834f12df3004f3f13e5b127a0e80e366530c8d4edcee2f9e0fe6c211e,https://images.printify.com/mockup/6a73986bcd8089ac2c01ee5a/45754/20548/kiss-cut-stickers.jpg?camera_label=context-2,Kiss-Cut-Stickers-context-2.jpg
printify,Kiss-Cut Stickers,,6a73986bcd8089ac2c01ee5a,,,,,other,True,10,1200,1200,115448,985286eb5fb9198f65eacc614c59ae44421803fefd078bce9bb27894e0d7d11e,https://images.printify.com/mockup/6a73986bcd8089ac2c01ee5a/45748/16655/kiss-cut-stickers.jpg?camera_label=front,Kiss-Cut-Stickers-front.jpg
printify,Kiss-Cut Stickers,,6a73986bcd8089ac2c01ee5a,,,,,other,False,11,1200,1200,556885,0ceecc076108d78b05a6f1a6e8295f2c52cfb2bc8232db9a17445e3b2d912d45,https://images.printify.com/mockup/6a73986bcd8089ac2c01ee5a/45748/2175/kiss-cut-stickers.jpg?camera_label=context-1,Kiss-Cut-Stickers-context-1.jpg
printify,Kiss-Cut Stickers,,6a73986bcd8089ac2c01ee5a,,,,,other,False,12,1200,1200,1042319,5c4b693834f12df3004f3f13e5b127a0e80e366530c8d4edcee2f9e0fe6c211e,https://images.printify.com/mockup/6a73986bcd8089ac2c01ee5a/45748/20545/kiss-cut-stickers.jpg?camera_label=context-2,Kiss-Cut-Stickers-context-2.jpg
printify,Kiss-Cut Stickers,,6a739670a4bd35be650b6231,,,,,other,True,1,1200,1200,115448,985286eb5fb9198f65eacc614c59ae44421803fefd078bce9bb27894e0d7d11e,https://images.printify.com/mockup/6a739670a4bd35be650b6231/45748/16655/kiss-cut-stickers.jpg?camera_label=front,Kiss-Cut-Stickers-front.jpg
printify,Kiss-Cut Stickers,,6a739670a4bd35be650b6231,,,,,other,False,2,1200,1200,556885,0ceecc076108d78b05a6f1a6e8295f2c52cfb2bc8232db9a17445e3b2d912d45,https://images.printify.com/mockup/6a739670a4bd35be650b6231/45748/2175/kiss-cut-stickers.jpg?camera_label=context-1,Kiss-Cut-Stickers-context-1.jpg
printify,Kiss-Cut Stickers,,6a739670a4bd35be650b6231,,,,,other,False,3,1200,1200,1042319,5c4b693834f12df3004f3f13e5b127a0e80e366530c8d4edcee2f9e0fe6c211e,https://images.printify.com/mockup/6a739670a4bd35be650b6231/45748/20545/kiss-cut-stickers.jpg?camera_label=context-2,Kiss-Cut-Stickers-context-2.jpg
printify,Kiss-Cut Stickers,,6a739670a4bd35be650b6231,,,,,other,True,4,1200,1200,115448,985286eb5fb9198f65eacc614c59ae44421803fefd078bce9bb27894e0d7d11e,https://images.printify.com/mockup/6a739670a4bd35be650b6231/45750/16655/kiss-cut-stickers.jpg?camera_label=front,Kiss-Cut-Stickers-front.jpg
printify,Kiss-Cut Stickers,,6a739670a4bd35be650b6231,,,,,other,False,5,1200,1200,556885,0ceecc076108d78b05a6f1a6e8295f2c52cfb2bc8232db9a17445e3b2d912d45,https://images.printify.com/mockup/6a739670a4bd35be650b6231/45750/2176/kiss-cut-stickers.jpg?camera_label=context-1,Kiss-Cut-Stickers-context-1.jpg
printify,Kiss-Cut Stickers,,6a739670a4bd35be650b6231,,,,,other,False,6,1200,1200,1042319,5c4b693834f12df3004f3f13e5b127a0e80e366530c8d4edcee2f9e0fe6c211e,https://images.printify.com/mockup/6a739670a4bd35be650b6231/45750/20546/kiss-cut-stickers.jpg?camera_label=context-2,Kiss-Cut-Stickers-context-2.jpg
printify,Kiss-Cut Stickers,,6a739670a4bd35be650b6231,,,,,other,True,7,1200,1200,115448,985286eb5fb9198f65eacc614c59ae44421803fefd078bce9bb27894e0d7d11e,https://images.printify.com/mockup/6a739670a4bd35be650b6231/45752/16655/kiss-cut-stickers.jpg?camera_label=front,Kiss-Cut-Stickers-front.jpg
printify,Kiss-Cut Stickers,,6a739670a4bd35be650b6231,,,,,other,False,8,1200,1200,556885,0ceecc076108d78b05a6f1a6e8295f2c52cfb2bc8232db9a17445e3b2d912d45,https://images.printify.com/mockup/6a739670a4bd35be650b6231/45752/2177/kiss-cut-stickers.jpg?camera_label=context-1,Kiss-Cut-Stickers-context-1.jpg
printify,Kiss-Cut Stickers,,6a739670a4bd35be650b6231,,,,,other,False,9,1200,1200,1042319,5c4b693834f12df3004f3f13e5b127a0e80e366530c8d4edcee2f9e0fe6c211e,https://images.printify.com/mockup/6a739670a4bd35be650b6231/45752/20547/kiss-cut-stickers.jpg?camera_label=context-2,Kiss-Cut-Stickers-context-2.jpg
printify,Kiss-Cut Stickers,,6a739670a4bd35be650b6231,,,,,other,True,10,1200,1200,115448,985286eb5fb9198f65eacc614c59ae44421803fefd078bce9bb27894e0d7d11e,https://images.printify.com/mockup/6a739670a4bd35be650b6231/45754/16655/kiss-cut-stickers.jpg?camera_label=front,Kiss-Cut-Stickers-front.jpg
printify,Kiss-Cut Stickers,,6a739670a4bd35be650b6231,,,,,other,False,11,1200,1200,556885,0ceecc076108d78b05a6f1a6e8295f2c52cfb2bc8232db9a17445e3b2d912d45,https://images.printify.com/mockup/6a739670a4bd35be650b6231/45754/2178/kiss-cut-stickers.jpg?camera_label=context-1,Kiss-Cut-Stickers-context-1.jpg
printify,Kiss-Cut Stickers,,6a739670a4bd35be650b6231,,,,,other,False,12,1200,1200,1042319,5c4b693834f12df3004f3f13e5b127a0e80e366530c8d4edcee2f9e0fe6c211e,https://images.printify.com/mockup/6a739670a4bd35be650b6231/45754/20548/kiss-cut-stickers.jpg?camera_label=context-2,Kiss-Cut-Stickers-context-2.jpg
printify,Low Profile Baseball Cap,,6a69d1079b6bf44d3a092be6,,,,,front,True,1,1200,1200,53749,0c95fd8a88df38cb5055c3fd1f3b23b42df418efaa0d58c01fe1fd0962c00876,https://images.printify.com/mockup/6a69d1079b6bf44d3a092be6/104278/53890/low-profile-baseball-cap.jpg?camera_label=front,Low-Profile-Baseball-Cap-front.jpg
printify,Low Profile Baseball Cap,,6a69d1079b6bf44d3a092be6,,,,,other,False,2,1200,1200,46784,87c4ae6fe8a9ebbca7d8b33691c3364eb3d3087ef60ea2ec83783b11d71ffcc3,https://images.printify.com/mockup/6a69d1079b6bf44d3a092be6/104278/55688/low-profile-baseball-cap.jpg?camera_label=back,Low-Profile-Baseball-Cap-back.jpg
printify,Low Profile Baseball Cap,,6a69d1079b6bf44d3a092be6,,,,,other,False,3,1200,1200,45847,1572901d4c9c54fa89f26bbb7db50cdaaf509d114134228c798e6bb77015eb7b,https://images.printify.com/mockup/6a69d1079b6bf44d3a092be6/104278/112105/low-profile-baseball-cap.jpg?camera_label=left,Low-Profile-Baseball-Cap-left.jpg
printify,Low Profile Baseball Cap,,6a69d1079b6bf44d3a092be6,,,,,other,False,4,1200,1200,46165,9af34541d120ddd0d35aeae2a659eaa2ff0fea28d8d3346411601470b10fa5bb,https://images.printify.com/mockup/6a69d1079b6bf44d3a092be6/104278/55685/low-profile-baseball-cap.jpg?camera_label=right,Low-Profile-Baseball-Cap-right.jpg
printify,Cotton Tote Bag,,6a69c5ce7d81c48859038d9d,,,,,other,True,1,1200,1200,43393,78687c3da71518babb6eeab2a377e3005d3c26211f00b30de7be4fdb26658dae,https://images.printify.com/mockup/6a69c5ce7d81c48859038d9d/70603/128043/cotton-tote-bag.jpg?camera_label=front,Cotton-Tote-Bag-front.jpg
printify,Cotton Tote Bag,,6a69c5ce7d81c48859038d9d,,,,,other,False,2,1200,1200,36705,1f8b221f832cb6af349b0674c8cd5ac42723a1b570f2f2d362e314e636d01548,https://images.printify.com/mockup/6a69c5ce7d81c48859038d9d/70603/127687/cotton-tote-bag.jpg?camera_label=back,Cotton-Tote-Bag-back.jpg
printify,Cotton Tote Bag,,6a69c5ce7d81c48859038d9d,,,,,other,False,3,1200,1200,82979,02087e82e0af6e1b94ea6feaa4b9acc320129b0cf1de912f8b42db4e3433713d,https://images.printify.com/mockup/6a69c5ce7d81c48859038d9d/70603/127693/cotton-tote-bag.jpg?camera_label=lifestyle-1,Cotton-Tote-Bag-lifestyle-1.jpg
printify,Cotton Tote Bag,,6a69c5ce7d81c48859038d9d,,,,,other,False,4,1200,1200,85345,a6cce3675fa46c55f0cca2f47a3372dd5ce3c1bc3d7683b16215e7a598f5e7aa,https://images.printify.com/mockup/6a69c5ce7d81c48859038d9d/70603/127848/cotton-tote-bag.jpg?camera_label=lifestyle-2,Cotton-Tote-Bag-lifestyle-2.jpg
printify,Unisex Heavy Blend™ Hooded Sweatshirt,,6a69be4f7e0dda130d08ce75,,,,,front,True,1,1200,1200,58449,4352d1da9bea1ca6b2197b2b5979c72cdf7c0b7b6337013b152b965ba69d26e4,https://images.printify.com/mockup/6a69be4f7e0dda130d08ce75/32920/98424/unisex-heavy-blend-hooded-sweatshirt.jpg?camera_label=front,Unisex-Heavy-Blend-Hooded-Sweatshirt-front.jpg
printify,Unisex Heavy Blend™ Hooded Sweatshirt,,6a69be4f7e0dda130d08ce75,,,,,back,False,2,1200,1200,48481,fcfd644dc2be5b5c0a8c10d465d13973701ed4c6919a395cbc531a294e38eaca,https://images.printify.com/mockup/6a69be4f7e0dda130d08ce75/32920/98425/unisex-heavy-blend-hooded-sweatshirt.jpg?camera_label=back,Unisex-Heavy-Blend-Hooded-Sweatshirt-back.jpg
printify,Unisex Heavy Blend™ Hooded Sweatshirt,,6a69be4f7e0dda130d08ce75,,,,,back,False,3,1200,1200,44210,ecbd47a910bc2cb003ec58ccfaf14a0f83fbd3aa748e0feb5336b0f48dcea30f,https://images.printify.com/mockup/6a69be4f7e0dda130d08ce75/32920/98426/unisex-heavy-blend-hooded-sweatshirt.jpg?camera_label=back-2,Unisex-Heavy-Blend-Hooded-Sweatshirt-back-2.jpg
printify,Unisex Heavy Blend™ Hooded Sweatshirt,,6a69be4f7e0dda130d08ce75,,,,,other,False,4,1200,1200,62150,c5d45c7cf43f69310654fc3ff96652b6988a9aac3bd58430015c58374d6cd78c,https://images.printify.com/mockup/6a69be4f7e0dda130d08ce75/32920/98432/unisex-heavy-blend-hooded-sweatshirt.jpg?camera_label=folded,Unisex-Heavy-Blend-Hooded-Sweatshirt-folded.jpg
printify,Unisex Heavy Blend™ Crewneck Sweatshirt,,6a69bbd5280e71942406a019,,,,,front,True,1,1200,1200,63485,a60f9c10c8c6d3d80c48ddbdb3a0e635308377c3470f457a9fe01dd018fa7d7a,https://images.printify.com/mockup/6a69bbd5280e71942406a019/25459/98502/unisex-heavy-blend-crewneck-sweatshirt.jpg?camera_label=front,Unisex-Heavy-Blend-Crewneck-Sweatshirt-front.jpg
printify,Unisex Heavy Blend™ Crewneck Sweatshirt,,6a69bbd5280e71942406a019,,,,,back,False,2,1200,1200,51623,1c65573603cd71055172b69b6c9381546f6eb859c0d054331eb5cece52b6e45e,https://images.printify.com/mockup/6a69bbd5280e71942406a019/25459/98503/unisex-heavy-blend-crewneck-sweatshirt.jpg?camera_label=back,Unisex-Heavy-Blend-Crewneck-Sweatshirt-back.jpg
printify,Unisex Heavy Blend™ Crewneck Sweatshirt,,6a69bbd5280e71942406a019,,,,,neck,False,3,1200,1200,70545,7743f1756657b506f465b77f440ff14d8f77d482443bd1cf516dab57b129febe,https://images.printify.com/mockup/6a69bbd5280e71942406a019/25459/100648/unisex-heavy-blend-crewneck-sweatshirt.jpg?camera_label=folded,Unisex-Heavy-Blend-Crewneck-Sweatshirt-folded.jpg
printify,Unisex Heavy Blend™ Crewneck Sweatshirt,,6a69bbd5280e71942406a019,,,,,other,False,4,1200,1200,356311,582fb923197cadd13c44bb808e68ede12282c28d9dc8e075f5d0ce363791739f,https://images.printify.com/mockup/6a69bbd5280e71942406a019/25459/128101/unisex-heavy-blend-crewneck-sweatshirt.jpg?camera_label=folded-2,Unisex-Heavy-Blend-Crewneck-Sweatshirt-folded-2.jpg
printify,Code It. Serve It. Rainbow Pride Tech T-Shirt,,6a69b31fb9493661d407f258,,,,,front,True,1,1200,1200,70229,d9818509ff1a3caa8bb813b2f66615e65fb725343016d8b9490ef9052fa90557,https://images.printify.com/mockup/6a69b31fb9493661d407f258/12124/92570/code-it-serve-it-rainbow-pride-tech-t-shirt.jpg?camera_label=front,Code-It-Serve-It-Rainbow-Pride-Tech-T-Shirt-front.jpg
printify,Code It. Serve It. Rainbow Pride Tech T-Shirt,,6a69b31fb9493661d407f258,,,,,back,False,2,1200,1200,57580,cd0c557dbea3d52c8490adc6e5ebdf62cff1100b75d84f2c7e714c4b395fc161,https://images.printify.com/mockup/6a69b31fb9493661d407f258/12124/92571/code-it-serve-it-rainbow-pride-tech-t-shirt.jpg?camera_label=back,Code-It-Serve-It-Rainbow-Pride-Tech-T-Shirt-back.jpg
printify,Code It. Serve It. Rainbow Pride Tech T-Shirt,,6a69b31fb9493661d407f258,,,,,front,False,3,1200,1200,57638,5b67a21969410476344f9870f74698f2b3491ef30d3bf32b36e62bd55d824758,https://images.printify.com/mockup/6a69b31fb9493661d407f258/12124/102005/code-it-serve-it-rainbow-pride-tech-t-shirt.jpg?camera_label=front-2,Code-It-Serve-It-Rainbow-Pride-Tech-T-Shirt-front-2.jpg
printify,Code It. Serve It. Rainbow Pride Tech T-Shirt,,6a69b31fb9493661d407f258,,,,,back,False,4,1200,1200,51287,d7ba2bc33f0844a6cafe2d3866eb9c8b17b4862ff9c7092e7199249c2516d417,https://images.printify.com/mockup/6a69b31fb9493661d407f258/12124/102006/code-it-serve-it-rainbow-pride-tech-t-shirt.jpg?camera_label=back-2,Code-It-Serve-It-Rainbow-Pride-Tech-T-Shirt-back-2.jpg
printify,"It's Not A Bug, It's Me Tee",,6a26e4403cef73eac90fd99d,,,,,front,True,1,1200,1200,57176,e8d3a39803c1e64e54966e248d33971ca5a1639245628db68fdfefc8393ff16e,https://images.printify.com/mockup/6a26e4403cef73eac90fd99d/12124/102005/its-not-a-bug-its-me-tee.jpg?camera_label=front-2,It-s-Not-A-Bug-It-s-Me-Tee-front-2.jpg
printify,"It's Not A Bug, It's Me Tee",,6a26e4403cef73eac90fd99d,,,,,back,False,2,1200,1200,57397,8cf0f5999b9ae4bdb82aa3c12e61123a9f8a4d55934c10aabfae9c948036ef0c,https://images.printify.com/mockup/6a26e4403cef73eac90fd99d/12124/92571/its-not-a-bug-its-me-tee.jpg?camera_label=back,It-s-Not-A-Bug-It-s-Me-Tee-back.jpg
printify,"It's Not A Bug, It's Me Tee",,6a26e4403cef73eac90fd99d,,,,,back,False,3,1200,1200,50999,df325aac36105dab1266e00d78f950f211d998bc09b48a239309f17ef6f89071,https://images.printify.com/mockup/6a26e4403cef73eac90fd99d/12124/102006/its-not-a-bug-its-me-tee.jpg?camera_label=back-2,It-s-Not-A-Bug-It-s-Me-Tee-back-2.jpg
printify,"It's Not A Bug, It's Me Tee",,6a26e4403cef73eac90fd99d,,,,,front,False,4,1200,1200,57176,e8d3a39803c1e64e54966e248d33971ca5a1639245628db68fdfefc8393ff16e,https://images.printify.com/mockup/6a26e4403cef73eac90fd99d/12124/92570/its-not-a-bug-its-me-tee.jpg?camera_label=front,It-s-Not-A-Bug-It-s-Me-Tee-front-2.jpg
shopify,FÆBRIQ 'It's Not A Bug. It's Me.' Tee,its-not-a-bug-its-me-tee,,gid://shopify/Product/7682131034179,,,,1,True,1,2048,2560,128837,3353feb7d4c2a904c5304e4e9fe8dde92dfb37914a3a7715b96df5cf69f4b540,https://cdn.shopify.com/s/files/1/0692/7528/7619/files/sw-05-not-a-bug-tee-A.jpg?v=1791143724,F-BRIQ-It-s-Not-A-Bug-It-s-Me-Sticker.jpg
shopify,FÆBRIQ 'Deploying Identity v2.0' Heavyweight Crewneck,deploying-identity-v2-crewneck,,gid://shopify/Product/7778652127299,,,,1,True,1,2048,2560,122948,e600e25b8a30dca42cc686dcb26803bb871f6d023e6a98b11f13188921cb2d3a,https://cdn.shopify.com/s/files/1/0692/7528/7619/files/sw-03-crewneck-A.jpg?v=1791143726,F-BRIQ-Deploying-Identity-v2-0-Heavyweight-Crewnec.jpg
shopify,FÆBRIQ 'Off The Clock. Still Iconic.' Heavyweight Hoodie,off-the-clock-still-iconic-hoodie,,gid://shopify/Product/7778654126147,,,,1,True,1,2048,2560,101868,54ce38103815a71f3e3f05ff8f89410792ad5b8e6bb03cc404c6b914ae041c47,https://cdn.shopify.com/s/files/1/0692/7528/7619/files/sw-02-hoodie-A.jpg?v=1791143726,F-BRIQ-Off-The-Clock-Still-Iconic-Heavyweight-Hood.jpg
shopify,FÆBRIQ 'Code It. Serve It.' Tee,code-it-serve-it-tee,,gid://shopify/Product/7778654224451,,,,1,True,1,2048,2560,183623,33abc4ffa8acb8d77e00cd96638bcffae512edd3e5280cfc57a73c874d8dc3f1,https://cdn.shopify.com/s/files/1/0692/7528/7619/files/sw-06-code-it-tee-A.jpg?v=1791143724,F-BRIQ-Code-It-Serve-It-Tee.jpg
shopify,FÆBRIQ '404: Straight Not Found' Cotton Tote,404-straight-not-found-tote-as-colour,,gid://shopify/Product/7778659139651,,,,1,True,1,2048,2560,150935,61ad3a6e4635de5811a05392c6ba4e110771149b322d27cde977ce07e73b7e8a,https://cdn.shopify.com/s/files/1/0692/7528/7619/files/ZjHecHtJInWAZiBx.jpg?v=1790149582,F-BRIQ-404-Straight-Not-Found-Canvas-Tote.jpg
shopify,"FÆBRIQ Circuit Cap, Slim Unstructured (Black)",circuit-cap-slim-unstructured,,gid://shopify/Product/7778702753859,,,,1,True,1,2048,2048,97692,5f9523d6fecb2837c3a33afbda2ccdf235167f5d3f1311a0060d9425ae370196,https://cdn.shopify.com/s/files/1/0692/7528/7619/files/13028201107540107338_2048.jpg?v=1790649149,F-BRIQ-Circuit-Cap-Slim-Unstructured-Black.jpg
shopify,FÆBRIQ 'It's Not A Bug. It's Me.' Sticker,its-not-a-bug-its-me-sticker,,gid://shopify/Product/7785339322435,,,,1,True,1,2048,2560,128837,3353feb7d4c2a904c5304e4e9fe8dde92dfb37914a3a7715b96df5cf69f4b540,https://cdn.shopify.com/s/files/1/0692/7528/7619/files/sticker-not-a-bug-sheet.jpg?v=1791365626,F-BRIQ-It-s-Not-A-Bug-It-s-Me-Sticker.jpg
shopify,FÆBRIQ 'Code It. Serve It.' Sticker,code-it-serve-it-sticker,,gid://shopify/Product/7785339519043,,,,1,True,1,2048,2560,138649,e5ebd1c0ce160cd493c6f984a304ef2158c3c1c2c409b27629d5e19485e0a720,https://cdn.shopify.com/s/files/1/0692/7528/7619/files/sticker-code-it-sheet.jpg?v=1791365626,F-BRIQ-Code-It-Serve-It-Sticker.jpg
shopify,FÆBRIQ '404: Straight Not Found' Sticker,404-straight-not-found-sticker,,gid://shopify/Product/7785339584579,,,,1,True,1,2048,2560,150935,61ad3a6e4635de5811a05392c6ba4e110771149b322d27cde977ce07e73b7e8a,https://cdn.shopify.com/s/files/1/0692/7528/7619/files/sticker-404-sheet.jpg?v=1791365626,F-BRIQ-404-Straight-Not-Found-Canvas-Tote.jpg
shopify,"FÆBRIQ 'Please Hold, I'm Rebranding My Identity' Sticker",please-hold-sticker,,gid://shopify/Product/7785339617347,,,,1,True,1,2048,2560,113769,58049a679954a9641e8d73a2f86b8d19e29a22161f2de5648681cde88bacb1d8,https://cdn.shopify.com/s/files/1/0692/7528/7619/files/sticker-please-hold-sheet.jpg?v=1791365626,F-BRIQ-Please-Hold-I-m-Rebranding-My-Identity-Stic.jpg
shopify,FÆBRIQ 'Deploying Identity v2.0' Sticker,deploying-identity-v2-sticker,,gid://shopify/Product/7785339682883,,,,1,True,1,2048,2560,122948,e600e25b8a30dca42cc686dcb26803bb871f6d023e6a98b11f13188921cb2d3a,https://cdn.shopify.com/s/files/1/0692/7528/7619/files/sticker-deploying-sheet.jpg?v=1791365626,F-BRIQ-Deploying-Identity-v2-0-Heavyweight-Crewnec.jpg
shopify,FÆBRIQ Sticker Sheet: The Full Drop,faebriq-sticker-sheet-full-drop,,gid://shopify/Product/7785341190211,,,,1,True,1,1536,1024,152229,c0cc4b90ca3bde4d87ee06fdbf75c47630f41c44f40a82d217b2eed3bd9b5808,https://cdn.shopify.com/s/files/1/0692/7528/7619/files/faebriq-sticker-sheet-full-drop_0-dark.jpg?v=1791337695,F-BRIQ-Sticker-Sheet-The-Full-Drop.jpg
shopify,"FÆBRIQ Circuit Cap, Low Profile (Black)",faebriq-baseball-cap-pride-rainbow-low-profile-hat,,gid://shopify/Product/7822544666691,,,,1,True,1,2048,2560,117757,3e42f154142c407347062c453d0327bba51a5bd2085c24bec33f64607c6646f5,https://cdn.shopify.com/s/files/1/0692/7528/7619/files/sw-01-cap-A.jpg?v=1791143726,F-BRIQ-Circuit-Cap-Low-Profile-Black.jpg
shopify,FÆBRIQ '404: Straight Not Found' Tee,error-404-straight-not-found-tee,,gid://shopify/Product/10274729820227,,,,1,True,1,2048,2560,150935,61ad3a6e4635de5811a05392c6ba4e110771149b322d27cde977ce07e73b7e8a,https://cdn.shopify.com/s/files/1/0692/7528/7619/files/sw-07-404-tee-A.jpg?v=1791143725,F-BRIQ-404-Straight-Not-Found-Canvas-Tote.jpg
shopify,FÆBRIQ '404: Straight Not Found' Canvas Tote,404-straight-not-found-tote,,gid://shopify/Product/10274729852995,,,,1,True,1,2048,2560,150935,61ad3a6e4635de5811a05392c6ba4e110771149b322d27cde977ce07e73b7e8a,https://cdn.shopify.com/s/files/1/0692/7528/7619/files/sw-04-tote-v3.jpg?v=1791147563,F-BRIQ-404-Straight-Not-Found-Canvas-Tote.jpg
shopify,FÆBRIQ 'Off The Clock. Still Iconic.' Tee,off-the-clock-still-iconic-tee,,gid://shopify/Product/10274853257283,,,,1,True,1,2048,2560,101868,54ce38103815a71f3e3f05ff8f89410792ad5b8e6bb03cc404c6b914ae041c47,https://cdn.shopify.com/s/files/1/0692/7528/7619/files/sw-08-off-the-clock-tee-A.jpg?v=1791143725,F-BRIQ-Off-The-Clock-Still-Iconic-Heavyweight-Hood.jpg
shopify,"FÆBRIQ 'Please Hold, I'm Rebranding My Identity' Tee",please-hold-im-rebranding-my-identity-tee,,gid://shopify/Product/10274857025603,,,,1,True,1,2048,2560,113769,58049a679954a9641e8d73a2f86b8d19e29a22161f2de5648681cde88bacb1d8,https://cdn.shopify.com/s/files/1/0692/7528/7619/files/sw-09-please-hold-tee-A.jpg?v=1791143725,F-BRIQ-Please-Hold-I-m-Rebranding-My-Identity-Stic.jpg
shopify,FÆBRIQ 'Deploying Identity v2.0' Tee,deploying-identity-tee,,gid://shopify/Product/15396606836803,,,,1,True,1,2048,2560,122948,e600e25b8a30dca42cc686dcb26803bb871f6d023e6a98b11f13188921cb2d3a,https://cdn.shopify.com/s/files/1/0692/7528/7619/files/sw-10-deploying-identity-tee-A.jpg?v=1791143725,F-BRIQ-Deploying-Identity-v2-0-Heavyweight-Crewnec.jpg
shopify,FÆ Cape Kiss-Cut Sticker,fae-cape-kiss-cut-sticker,,gid://shopify/Product/15400429781059,,,,1,True,1,2048,2560,225071,b5bf4c7a2a5e90512d35d47a22808d6d645da6ad7750390f655cb0c641c309b8,https://cdn.shopify.com/s/files/1/0692/7528/7619/files/fae-cape-v3.jpg?v=1791365625,F-Cape-Kiss-Cut-Sticker.jpg
shopify,FÆ Heart Kiss-Cut Sticker,fae-heart-kiss-cut-sticker,,gid://shopify/Product/15400430993475,,,,1,True,1,2048,2560,195858,f817366d4d2f9207c338e0cd8ac17257113072fe1f568afc05ce146e4cb79d86,https://cdn.shopify.com/s/files/1/0692/7528/7619/files/fae-heart-v3.jpg?v=1791365625,F-Heart-Kiss-Cut-Sticker.jpg
shopify,FÆ Waving Kiss-Cut Sticker,fae-waving-kiss-cut-sticker,,gid://shopify/Product/15400431517763,,,,1,True,1,2048,2560,207911,924ed7b5aa0d16b1db6f92d8a7bff91fe38f7d801ccf1fbee353221fe1cfc848,https://cdn.shopify.com/s/files/1/0692/7528/7619/files/fae-waving-v3.jpg?v=1791365626,F-Waving-Kiss-Cut-Sticker.jpg
shopify,FÆ Sitting Kiss-Cut Sticker,fae-sitting-kiss-cut-sticker,,gid://shopify/Product/15400431878211,,,,1,True,1,2048,2560,235398,63b91901717752d922cfca155411035e17bb7586fa7ce8e48da6125f45c9c374,https://cdn.shopify.com/s/files/1/0692/7528/7619/files/fae-sitting-v3.jpg?v=1791365626,F-Sitting-Kiss-Cut-Sticker.jpg
shopify,FÆ Sticker Sheet: Four Poses,fae-sticker-sheet-four-poses,,gid://shopify/Product/15400432271427,,,,1,True,1,2048,2560,329926,be90c16b4f4f52105a30509afcbd3183099dde0f47a2044acbea66552ab3beed,https://cdn.shopify.com/s/files/1/0692/7528/7619/files/fae-sheet-sweep.jpg?v=1791356119,F-Sticker-Sheet-Four-Poses.jpg
