handle,product_id,position,upload_id,file_name,upload_date,width_px,height_px,x,y,scale,angle,product_updated_at
404-straight-not-found-tee,6a90144f1660304ab40b1a0b,front,6abb04a16392dde3ecb13044,,,,,0.5,0.1326,0.7999,0,2026/10/01
404-straight-not-found-tee,6a90144f1660304ab40b1a0b,left_sleeve,6ab7850902b661466c69b605,,,,,0.5,0.9068,0.762,0,2026/10/01
404-straight-not-found-tee,6a90144f1660304ab40b1a0b,neck,5941187eb8e7e37b3f0e62e5,,,,,0.5,0.5,1,0,2026/10/01
code-it-serve-it-tee,6a69b31fb9493661d407f258,front,6ab784cf3ae16dd2aa830a23,,,,,0.5,0.1712,0.6626,0,2026/10/01
code-it-serve-it-tee,6a69b31fb9493661d407f258,left_sleeve,6ab7850902b661466c69b605,,,,,0.5,0.8843,0.9455,0,2026/10/01
code-it-serve-it-tee,6a69b31fb9493661d407f258,neck,5941187eb8e7e37b3f0e62e5,,,,,0.5,0.5,1,0,2026/10/01
deploying-identity-v2-0-tee,6abbaec1bf0da08e3305f10d,front,6abde3fb4bd3b1552955d073,,,,,0.5,0.1358,0.6627,0,2026/10/01
deploying-identity-v2-0-tee,6abbaec1bf0da08e3305f10d,left_sleeve,6ab7850902b661466c69b605,,,,,0.5,0.8776,1,0,2026/10/01
its-not-a-bug-its-me-tee,6a26e4403cef73eac90fd99d,front,6abb65e61633075ed3ae7bd7,,,,,0.5,0.144,0.7872,0,2026/10/01
its-not-a-bug-its-me-tee,6a26e4403cef73eac90fd99d,left_sleeve,6ab7850902b661466c69b605,,,,,0.4999,0.9067,0.7619,0,2026/10/01
its-not-a-bug-its-me-tee,6a26e4403cef73eac90fd99d,neck,5941187eb8e7e37b3f0e62e5,,,,,0.5,0.5,1,0,2026/10/01
off-the-clock-still-iconic-tee,6abb6b265d4c9ca8e50280e0,front,6abb6a5062fab9d3078092c7,,,,,0.5,0.1708,0.75,0,2026/10/07
off-the-clock-still-iconic-tee,6abb6b265d4c9ca8e50280e0,left_sleeve,6ab7850902b661466c69b605,,,,,0.5,0.9068,0.762,0,2026/10/07
off-the-clock-still-iconic-tee,6abb6b265d4c9ca8e50280e0,neck,5941187eb8e7e37b3f0e62e5,,,,,0.5,0.5,1,0,2026/10/07
please-hold-im-rebranding-my-identity-tee,6a8d2c044d011a572d01bf6a,front,6abde1c4aa8a592fc63bc52d,,,,,0.5,0.1691,0.75,0,2026/10/07
please-hold-im-rebranding-my-identity-tee,6a8d2c044d011a572d01bf6a,left_sleeve,6ab7850902b661466c69b605,,,,,0.5,0.8675,1,0,2026/10/07
please-hold-im-rebranding-my-identity-tee,6a8d2c044d011a572d01bf6a,neck,5941187eb8e7e37b3f0e62e5,,,,,0.5,0.5,1,0,2026/10/07
deploying-identity-v2-0-crewneck,6a69bbd5280e71942406a019,front,6ab787d56f8b059325fd26b1,,,,,0.5,0.1741,0.91,0,2026/10/01
deploying-identity-v2-0-crewneck,6a69bbd5280e71942406a019,neck,6ab7850902b661466c69b605,,,,,0.5,0.1677,1,0,2026/10/01
deploying-identity-v2-0-crewneck,6a69bbd5280e71942406a019,neck,5941187eb8e7e37b3f0e62e5,,,,,0.5,0.5,1,0,2026/10/01
off-the-clock-still-iconic-hoodie,6a69be4f7e0dda130d08ce75,front,6ab78f86c86eccab4d8ae719,,,,,0.5,0.2497,0.9116,0,2026/09/29
off-the-clock-still-iconic-hoodie,6a69be4f7e0dda130d08ce75,left_sleeve,6ab7850902b661466c69b605,,,,,0.5,0.9734,0.762,0,2026/09/29
off-the-clock-still-iconic-hoodie,6a69be4f7e0dda130d08ce75,neck,5941187eb8e7e37b3f0e62e5,,,,,0.5,0.5,1,0,2026/09/29
