upload_id,file_name,upload_date,width_px,height_px,size_bytes,mime_type
6ac08de710beaab7eac7e1bf,print-fullbody.png,2026/10/03,1463,2400,2877034,image/png
6ac08df89e3c58c6c6a0d5b2,print-bust.png,2026/10/03,2400,2044,3370294,image/png
6ac08e089b8092214bd4a37d,print-tilt.png,2026/10/03,1659,2400,2770773,image/png
6ac08e156373727060c60902,print-sheet.png,2026/10/03,2850,1000,1334680,image/png
6ac09069f9d183aff22fd7d4,43412.png,2026/10/03,500,820,493469,image/png
6ac090805fdbfd2d1ada9c99,43410.png,2026/10/03,500,820,527668,image/png
6ac090889cefe64149cb3683,43410.png,2026/10/03,500,820,689621,image/png
6ac093b15fdbfd2d1ada9ef6,43426.png,2026/10/03,800,1312,1197775,image/png
6ac093c96373727060c60aba,43415.jpg,2026/10/03,800,1312,186211,image/jpeg
6ac093d6406adb85db1e1b77,43415.jpg,2026/10/03,800,1312,1658862,image/png
6ac0940f044a8e11e0a74667,43421.jpg,2026/10/03,800,1312,157124,image/jpeg
6ac09417406adb85db1e1b80,43421.jpg,2026/10/03,800,1312,1574371,image/png
6ac0944ec8658167aa62f0d6,43414.jpg,2026/10/03,800,1312,175905,image/jpeg
6ac09456f9d183aff22fda64,43414.jpg,2026/10/03,800,1312,1605816,image/png
6ac09566f41f9c655420b30c,43422.jpg,2026/10/03,800,1312,249263,image/jpeg
6ac095ef9cefe64149cb3aa9,08ef57f8-ded6-4432-b0fd-2cff81a6ba5a-1_all_33395.png,2026/10/03,900,342,20905,image/png
6ac09f1740884d247b114d96,thin-cape.png,2026/10/03,750,839,865345,image/png
6ac09f1c9cefe64149cb4541,thin-heart.png,2026/10/03,342,498,220204,image/png
6ac09f2340884d247b114dcf,thin-waving.png,2026/10/03,322,515,231375,image/png
6ac09f2a044a8e11e0a74b46,thin-sitting.png,2026/10/03,330,475,235901,image/png
6ac09f6964ec1791fdb89f4b,fae-sheet-4pose.png,2026/10/03,1800,1200,2139686,image/png
6ac0a9235fdbfd2d1adb15c7,final-cape.png,2026/10/03,760,845,927446,image/png
6ac0a92fdc6de66e6f5b237a,final-heart.png,2026/10/03,380,570,332904,image/png
6ac0a9380dd42e1abdd6eca7,final-waving.png,2026/10/03,354,563,305888,image/png
6ac0a9420dd42e1abdd6eca9,final-sitting.png,2026/10/03,355,514,305295,image/png
6ac61c4b47e3b630ec323072,print-cape.png,2026/10/07,2158,2400,4342539,image/png
6ac61cd3fa2af252e35f310d,print-heart.png,2026/10/07,1690,2400,2404281,image/png
6ac61d07fa2af252e35f3110,print-waving.png,2026/10/07,1545,2400,2387457,image/png
6ac61e6170affd180c92562e,print-sitting.png,2026/10/07,1703,2400,2696881,image/png
6ac61ecfd2ab43543882a605,print-sheet-4pose.png,2026/10/07,3981,4920,11863292,image/png
6ac621cb142a512e38b42d01,print-deploying-2line.png,2026/10/07,2400,1061,78952,image/png
6ac629a64b12379218e81d36,print-404-white.png,2026/10/07,2400,1004,45332,image/png
6ac62ce54a4f0a12613bdb84,print-404-black.png,2026/10/07,2400,1004,46515,image/png
6ac62d48142a512e38b43118,print-pleasehold-black.png,2026/10/07,2400,977,51369,image/png
6ac62d7ffa2af252e35f3350,print-notabug-black.png,2026/10/07,2400,1107,73543,image/png
6ac62db2a3024ab12ddebbd1,print-deploying-black-2line.png,2026/10/07,2400,1061,69061,image/png
6ac62de27fd1ec5e6e1a5cca,print-codeit-black.png,2026/10/07,2400,1335,72081,image/png
6ac62eb22553e4cdc2c78584,sticker-404-correct.png,2026/10/07,2117,713,35562,image/png
6ac62fa34af11ea5aecdac27,sticker-codeit-correct.png,2026/10/07,1573,759,35113,image/png
6ac63013836685b87ba383d8,sticker-deploying-correct.png,2026/10/07,1863,684,39683,image/png
6ac63046292678c4fd1a456c,sticker-notabug-correct.png,2026/10/07,2157,645,36640,image/png
6ac6312af161dac2b9796176,real-404.png,2026/10/07,1908,560,59963,image/png
6ac631abdb65e3433da086b8,real-notabug.png,2026/10/07,1904,784,95027,image/png
6ac631da61cb78820ff3c6e0,real-deploying.png,2026/10/07,1904,804,90362,image/png
6ac6320719214edbf5f8844f,real-codeit.png,2026/10/07,1902,1039,100460,image/png
6ac63237afb3dafbfd5b3bb9,real-pleasehold.png,2026/10/07,1906,551,76980,image/png
6ac632d6ea43052852463106,real-fae-cape.png,2026/10/07,1757,1953,2456435,image/png
6ac6334a0efa1ec0de7754f3,real-fae-sitting.png,2026/10/07,1487,1955,2179448,image/png
6ac633ad2a42a137ad98e610,real-fae-wave1.png,2026/10/07,1284,1959,1720540,image/png
6ac633d9bac84eb3c8cb9194,real-fae-wave2.png,2026/10/07,1163,1961,1805416,image/png
